,,,,,,,,,
Plot,Site,Nest,Date sampled,CollectDays,,Dry weight,,Sample IDs,Comments
,,,,,Fine litter,CWD leaf fraction,CWD wood fraction,,
,,,(yyyy-mm-dd),(-),(g),(g),(g),(-),(-)
ALPN1,ALP,N,2014-11-16,15,30.5,0.0,0.0,ATTA_LIT_2014_11_16_ALPN1,
ALPC1,ALP,C,2014-11-16,15,13.3,0.0,1.8,ATTA_LIT_2014_11_16_ALPC1,
ALPN2,ALP,N,2014-11-16,15,24.7,0.0,0.0,ATTA_LIT_2014_11_16_ALPN2,
ALPC2,ALP,C,2014-11-16,15,21.4,0.0,0.0,ATTA_LIT_2014_11_16_ALPC2,
ALPN3,ALP,N,2014-11-16,15,14.1,0.0,28.9,ATTA_LIT_2014_11_16_ALPN3,
ALPC3,ALP,C,2014-11-16,15,12.2,0.0,0.0,ATTA_LIT_2014_11_16_ALPC3,
REPN1,REP,N,2014-11-16,15,15.3,0.0,2.7,ATTA_LIT_2014_11_16_REPN1,Trap #842 has only 10 collection days
REPC1,REP,C,2014-11-16,15,12.7,0.0,8.9,ATTA_LIT_2014_11_16_REPC1,
REPN2,REP,N,2014-11-16,15,34.6,0.0,0.0,ATTA_LIT_2014_11_16_REPN2,
REPC2,REP,C,2014-11-16,15,21.2,1.0,0.0,ATTA_LIT_2014_11_16_REPC2,
REPN3,REP,N,2014-11-16,15,27.9,0.0,0.0,ATTA_LIT_2014_11_16_REPN3,Fine litter bromeliad >10cm weighs 1.4g
REPC3,REP,C,2014-11-16,15,26.7,0.8,0.0,ATTA_LIT_2014_11_16_REPC3,
RESN1,RES,N,2014-11-16,15,19.9,0.0,0.0,ATTA_LIT_2014_11_16_RESN1,
RESC1,RES,C,2014-11-16,15,18.9,0.0,0.0,ATTA_LIT_2014_11_16_RESC1,
RESN2,RES,N,2014-11-16,15,21.4,0.0,4.3,ATTA_LIT_2014_11_16_RESN2,
RESC2,RES,C,2014-11-16,15,25.8,0.0,0.0,ATTA_LIT_2014_11_16_RESC2,
RESN3,RES,N,2014-11-16,15,21.4,0.0,94.8,ATTA_LIT_2014_11_16_RESN3,
RESC3,RES,C,2014-11-16,15,10.2,0.0,1.1,ATTA_LIT_2014_11_16_RESC3,
ALPN1,ALP,N,2014-12-01,15,30.4,9.3,0.0,ATTA_LIT_2014_12_1_ALPN1,
ALPC1,ALP,C,2014-12-01,15,18.0,0.0,0.0,ATTA_LIT_2014_12_1_ALPC1,
ALPN2,ALP,N,2014-12-01,15,20.7,0.0,0.0,ATTA_LIT_2014_12_1_ALPN2,
ALPC2,ALP,C,2014-12-01,15,19.5,0.0,0.0,ATTA_LIT_2014_12_1_ALPC2,
ALPN3,ALP,N,2014-12-01,15,15.4,7.1,0.0,ATTA_LIT_2014_12_1_ALPN3,
ALPC3,ALP,C,2014-12-01,15,13.9,0.0,0.0,ATTA_LIT_2014_12_1_ALPC3,
REPN1,REP,N,2014-12-01,15,10.5,3.6,0.0,ATTA_LIT_2014_12_1_REPN1,
REPC1,REP,C,2014-12-01,15,9.9,0.0,9.3,ATTA_LIT_2014_12_1_REPC1,
REPN2,REP,N,2014-12-01,15,15.8,0.0,0.0,ATTA_LIT_2014_12_1_REPN2,
REPC2,REP,C,2014-12-01,15,22.3,0.0,0.7,ATTA_LIT_2014_12_1_REPC2,
REPN3,REP,N,2014-12-01,15,16.1,0.0,0.0,ATTA_LIT_2014_12_1_REPN3,
REPC3,REP,C,2014-12-01,15,25.6,0.0,2.9,ATTA_LIT_2014_12_1_REPC3,
RESN1,RES,N,2014-12-01,15,9.9,0.0,0.0,ATTA_LIT_2014_12_1_RESN1,
RESC1,RES,C,2014-12-01,15,16.0,0.0,0.0,ATTA_LIT_2014_12_1_RESC1,
RESN2,RES,N,2014-12-01,15,16.6,0.0,8.6,ATTA_LIT_2014_12_1_RESN2,
RESC2,RES,C,2014-12-01,15,16.3,0.0,0.0,ATTA_LIT_2014_12_1_RESC2,
RESN3,RES,N,2014-12-01,15,13.6,0.0,0.6,ATTA_LIT_2014_12_1_RESN3,
RESC3,RES,C,2014-12-01,15,18.3,0.0,0.0,ATTA_LIT_2014_12_1_RESC3,
ALPN1,ALP,N,2014-12-16,15,25.8,0.0,0.0,ATTA_LIT_2014_12_16_ALPN1,
ALPC1,ALP,C,2014-12-16,15,13.9,0.0,0.0,ATTA_LIT_2014_12_16_ALPC1,
ALPN2,ALP,N,2014-12-16,15,37.0,1.0,0.0,ATTA_LIT_2014_12_16_ALPN2,Fine litter includes single fruit weight 1.3g
ALPC2,ALP,C,2014-12-16,15,28.8,0.0,0.0,ATTA_LIT_2014_12_16_ALPC2,
ALPN3,ALP,N,2014-12-16,15,9.2,0.0,0.0,ATTA_LIT_2014_12_16_ALPN3,
ALPC3,ALP,C,2014-12-16,15,20.2,0.0,0.0,ATTA_LIT_2014_12_16_ALPC3,
REPN1,REP,N,2014-12-16,15,8.9,0.0,0.0,ATTA_LIT_2014_12_16_REPN1,
REPC1,REP,C,2014-12-16,15,9.5,1.8,0.0,ATTA_LIT_2014_12_16_REPC1,
REPN2,REP,N,2014-12-16,15,22.0,0.0,0.0,ATTA_LIT_2014_12_16_REPN2,
REPC2,REP,C,2014-12-16,15,30.7,0.0,0.0,ATTA_LIT_2014_12_16_REPC2,Fine litter includes single seed weight 4.1g
REPN3,REP,N,2014-12-16,15,13.4,0.0,0.0,ATTA_LIT_2014_12_16_REPN3,
REPC3,REP,C,2014-12-16,15,16.3,0.0,0.0,ATTA_LIT_2014_12_16_REPC3,Fine litter includes single seed weight 3.7g
RESN1,RES,N,2014-12-16,15,20.9,4.1,0.0,ATTA_LIT_2014_12_16_RESN1,
RESC1,RES,C,2014-12-16,15,17.1,0.0,0.0,ATTA_LIT_2014_12_16_RESC1,Fine litter includes single seed weight 2.0g
RESN2,RES,N,2014-12-16,15,15.1,0.0,0.0,ATTA_LIT_2014_12_16_RESN2,
RESC2,RES,C,2014-12-16,15,12.3,0.0,0.0,ATTA_LIT_2014_12_16_RESC2,
RESN3,RES,N,2014-12-16,15,9.6,0.0,0.0,ATTA_LIT_2014_12_16_RESN3,
RESC3,RES,C,2014-12-16,15,14.3,0.0,0.0,ATTA_LIT_2014_12_16_RESC3,
ALPN1,ALP,N,2015-01-01,16,31.2,8.1,0.0,ATTA_LIT_2015_1_1_ALPN1,
ALPC1,ALP,C,2015-01-01,16,56.0,1.4,0.0,ATTA_LIT_2015_1_1_ALPC1,Fine litter includes single P.macroloba seedpod 25.9g
ALPN2,ALP,N,2015-01-01,16,52.0,0.0,0.0,ATTA_LIT_2015_1_1_ALPN2,
ALPC2,ALP,C,2015-01-01,16,30.3,0.0,0.0,ATTA_LIT_2015_1_1_ALPC2,Fine litter includes single P. macro seed 5.1g
ALPN3,ALP,N,2015-01-01,16,11.3,0.0,8.0,ATTA_LIT_2015_1_1_ALPN3,
ALPC3,ALP,C,2015-01-01,16,26.0,0.0,0.0,ATTA_LIT_2015_1_1_ALPC3,
REPN1,REP,N,2015-01-01,16,40.4,0.0,6.8,ATTA_LIT_2015_1_1_REPN1,Fine litter includes single P.macroloba seedpod 24.9g
REPC1,REP,C,2015-01-01,16,22.4,0.0,0.0,ATTA_LIT_2015_1_1_REPC1,
REPN2,REP,N,2015-01-01,16,37.8,0.0,0.0,ATTA_LIT_2015_1_1_REPN2,
REPC2,REP,C,2015-01-01,16,24.3,0.0,15.8,ATTA_LIT_2015_1_1_REPC2,
REPN3,REP,N,2015-01-01,16,20.4,0.0,0.0,ATTA_LIT_2015_1_1_REPN3,
REPC3,REP,C,2015-01-01,16,22.7,0.0,7.8,ATTA_LIT_2015_1_1_REPC3,
RESN1,RES,N,2015-01-01,16,19.8,0.0,0.0,ATTA_LIT_2015_1_1_RESN1,
RESC1,RES,C,2015-01-01,16,36.8,0.0,0.0,ATTA_LIT_2015_1_1_RESC1,
RESN2,RES,N,2015-01-01,16,17.7,0.0,12.7,ATTA_LIT_2015_1_1_RESN2,
RESC2,RES,C,2015-01-01,16,37.8,0.0,0.0,ATTA_LIT_2015_1_1_RESC2,Fine litter includes single P.macroloba seedpod 17.0g
RESN3,RES,N,2015-01-01,16,27.9,0.0,0.0,ATTA_LIT_2015_1_1_RESN3,
RESC3,RES,C,2015-01-01,16,15.7,0.0,0.0,ATTA_LIT_2015_1_1_RESC3,
ALPN1,ALP,N,2015-01-16,15,27.1,0.0,0.0,ATTA_LIT_2015_1_16_ALPN1,
ALPC1,ALP,C,2015-01-16,15,19.1,0.0,0.0,ATTA_LIT_2015_1_16_ALPC1,Fine litter includes 3 D. panamensis seeds 17.5g
ALPN2,ALP,N,2015-01-16,15,40.2,0.0,20.6,ATTA_LIT_2015_1_16_ALPN2,
ALPC2,ALP,C,2015-01-16,15,22.5,1.0,138.8,ATTA_LIT_2015_1_16_ALPC2,High value CWD woody fraction is correct
ALPN3,ALP,N,2015-01-16,15,9.5,0.0,5.1,ATTA_LIT_2015_1_16_ALPN3,
ALPC3,ALP,C,2015-01-16,15,32.1,0.0,0.0,ATTA_LIT_2015_1_16_ALPC3,
REPN1,REP,N,2015-01-16,15,21.3,0.2,22.3,ATTA_LIT_2015_1_16_REPN1,
REPC1,REP,C,2015-01-16,15,15.6,0.0,9.0,ATTA_LIT_2015_1_16_REPC1,
REPN2,REP,N,2015-01-16,15,48.2,0.8,0.0,ATTA_LIT_2015_1_16_REPN2,
REPC2,REP,C,2015-01-16,15,47.6,0.0,0.0,ATTA_LIT_2015_1_16_REPC2,
REPN3,REP,N,2015-01-16,15,22.3,0.0,0.0,ATTA_LIT_2015_1_16_REPN3,
REPC3,REP,C,2015-01-16,15,35.3,0.0,0.0,ATTA_LIT_2015_1_16_REPC3,
RESN1,RES,N,2015-01-16,15,21.2,0.0,0.0,ATTA_LIT_2015_1_16_RESN1,
RESC1,RES,C,2015-01-16,15,33.9,0.0,0.0,ATTA_LIT_2015_1_16_RESC1,
RESN2,RES,N,2015-01-16,15,28.1,0.0,14.5,ATTA_LIT_2015_1_16_RESN2,
RESC2,RES,C,2015-01-16,15,22.8,0.0,0.0,ATTA_LIT_2015_1_16_RESC2,
RESN3,RES,N,2015-01-16,15,28.1,0.0,11.0,ATTA_LIT_2015_1_16_RESN3,
RESC3,RES,C,2015-01-16,15,19.1,0.0,0.0,ATTA_LIT_2015_1_16_RESC3,Fine litter includes single P.macroloba seed 1.8g
ALPN1,ALP,N,2015-02-01,16,19.9,0.0,0.0,ATTA_LIT_2015_2_1_ALPN1,
ALPC1,ALP,C,2015-02-01,16,17.5,0.0,0.0,ATTA_LIT_2015_2_1_ALPC1,
ALPN2,ALP,N,2015-02-01,16,44.2,0.0,0.0,ATTA_LIT_2015_2_1_ALPN2,Fine litter includes 3 Dussia seeds 21.8 g
ALPC2,ALP,C,2015-02-01,16,21.1,0.0,0.0,ATTA_LIT_2015_2_1_ALPC2,
ALPN3,ALP,N,2015-02-01,16,9.6,5.2,0.0,ATTA_LIT_2015_2_1_ALPN3,
ALPC3,ALP,C,2015-02-01,16,48.2,0.0,0.0,ATTA_LIT_2015_2_1_ALPC3,
REPN1,REP,N,2015-02-01,16,14.3,0.0,0.0,ATTA_LIT_2015_2_1_REPN1,
REPC1,REP,C,2015-02-01,16,17.0,0.1,1.1,ATTA_LIT_2015_2_1_REPC1,
REPN2,REP,N,2015-02-01,16,21.0,0.0,0.0,ATTA_LIT_2015_2_1_REPN2,
REPC2,REP,C,2015-02-01,16,20.0,88.1,0.0,ATTA_LIT_2015_2_1_REPC2,CWD leaf fraction was palm leaf
REPN3,REP,N,2015-02-01,16,15.9,0.0,0.0,ATTA_LIT_2015_2_1_REPN3,
REPC3,REP,C,2015-02-01,16,16.7,6.1,0.0,ATTA_LIT_2015_2_1_REPC3,
RESN1,RES,N,2015-02-01,16,14.2,0.0,0.0,ATTA_LIT_2015_2_1_RESN1,
RESC1,RES,C,2015-02-01,16,15.3,0.0,0.0,ATTA_LIT_2015_2_1_RESC1,
RESN2,RES,N,2015-02-01,16,17.4,2.1,18.9,ATTA_LIT_2015_2_1_RESN2,
RESC2,RES,C,2015-02-01,16,10.8,0.0,0.0,ATTA_LIT_2015_2_1_RESC2,
RESN3,RES,N,2015-02-01,16,20.8,0.0,0.0,ATTA_LIT_2015_2_1_RESN3,
RESC3,RES,C,2015-02-01,16,9.6,0.0,0.0,ATTA_LIT_2015_2_1_RESC3,
ALPN1,ALP,N,2015-02-16,15,33.2,0.0,0.0,ATTA_LIT_2015_2_16_ALPN1,
ALPC1,ALP,C,2015-02-16,15,35.5,0.0,0.0,ATTA_LIT_2015_2_16_ALPC1,Fine litter has P. macro seed pod 22.5g
ALPN2,ALP,N,2015-02-16,15,19.3,0.0,3.2,ATTA_LIT_2015_2_16_ALPN2,
ALPC2,ALP,C,2015-02-16,15,35.4,0.0,0.0,ATTA_LIT_2015_2_16_ALPC2,
ALPN3,ALP,N,2015-02-16,15,13.9,0.0,0.0,ATTA_LIT_2015_2_16_ALPN3,
ALPC3,ALP,C,2015-02-16,15,37.7,3.7,0.0,ATTA_LIT_2015_2_16_ALPC3,Fine litter has P. macro seed pod 14.5g
REPN1,REP,N,2015-02-16,15,36.7,0.6,0.0,ATTA_LIT_2015_2_16_REPN1,Fine litter has P. macro seed pod 23.8 g and seed 2.2g
REPC1,REP,C,2015-02-16,15,11.8,0.0,3.1,ATTA_LIT_2015_2_16_REPC1,
REPN2,REP,N,2015-02-16,15,21.5,0.0,0.0,ATTA_LIT_2015_2_16_REPN2,
REPC2,REP,C,2015-02-16,15,26.6,0.0,0.0,ATTA_LIT_2015_2_16_REPC2,
REPN3,REP,N,2015-02-16,15,16.2,0.0,0.0,ATTA_LIT_2015_2_16_REPN3,
REPC3,REP,C,2015-02-16,15,17.1,0.0,4.4,ATTA_LIT_2015_2_16_REPC3,
RESN1,RES,N,2015-02-16,15,13.9,1.7,0.0,ATTA_LIT_2015_2_16_RESN1,
RESC1,RES,C,2015-02-16,15,20.9,0.0,0.0,ATTA_LIT_2015_2_16_RESC1,
RESN2,RES,N,2015-02-16,15,17.2,0.0,0.0,ATTA_LIT_2015_2_16_RESN2,
RESC2,RES,C,2015-02-16,15,7.4,0.0,0.0,ATTA_LIT_2015_2_16_RESC2,
RESN3,RES,N,2015-02-16,15,12.6,0.0,0.0,ATTA_LIT_2015_2_16_RESN3,
RESC3,RES,C,2015-02-16,15,7.4,0.0,0.0,ATTA_LIT_2015_2_16_RESC3,
ALPN1,ALP,N,2015-02-28,12,26.8,0.0,0.0,ATTA_LIT_2015_2_28_ALPN1,
ALPC1,ALP,C,2015-02-28,12,20.6,0.0,0.0,ATTA_LIT_2015_2_28_ALPC1,
ALPN2,ALP,N,2015-02-28,12,43.3,0.0,0.0,ATTA_LIT_2015_2_28_ALPN2,Fine litter includes single fruit weight 4.9g
ALPC2,ALP,C,2015-02-28,12,33.1,0.0,0.0,ATTA_LIT_2015_2_28_ALPC2,
ALPN3,ALP,N,2015-02-28,12,9.6,0.0,0.0,ATTA_LIT_2015_2_28_ALPN3,
ALPC3,ALP,C,2015-02-28,12,32.6,0.0,0.0,ATTA_LIT_2015_2_28_ALPC3,
REPN1,REP,N,2015-02-28,12,16.5,0.0,0.0,ATTA_LIT_2015_2_28_REPN1,
REPC1,REP,C,2015-02-28,12,13.7,21.1,0.0,ATTA_LIT_2015_2_28_REPC1,
REPN2,REP,N,2015-02-28,12,34.8,2.0,0.0,ATTA_LIT_2015_2_28_REPN2,
REPC2,REP,C,2015-02-28,12,21.6,0.0,0.0,ATTA_LIT_2015_2_28_REPC2,Fine litter includes single fruit weight 5.8g
REPN3,REP,N,2015-02-28,12,22.0,0.0,0.0,ATTA_LIT_2015_2_28_REPN3,
REPC3,REP,C,2015-02-28,12,17.8,0.0,0.0,ATTA_LIT_2015_2_28_REPC3,
RESN1,RES,N,2015-02-28,12,22.0,0.0,0.0,ATTA_LIT_2015_2_28_RESN1,
RESC1,RES,C,2015-02-28,12,13.9,0.0,0.0,ATTA_LIT_2015_2_28_RESC1,"Trap #941 broken, not collected"
RESN2,RES,N,2015-02-28,12,15.4,0.7,24.0,ATTA_LIT_2015_2_28_RESN2,
RESC2,RES,C,2015-02-28,12,15.7,0.0,0.0,ATTA_LIT_2015_2_28_RESC2,
RESN3,RES,N,2015-02-28,12,22.6,0.0,0.0,ATTA_LIT_2015_2_28_RESN3,
RESC3,RES,C,2015-02-28,12,11.7,0.0,0.0,ATTA_LIT_2015_2_28_RESC3,
ALPN1,ALP,N,2015-03-16,16,24.8,0.0,1.8,ATTA_LIT_2015_3_16_ALPN1,
ALPC1,ALP,C,2015-03-16,16,23.2,0.0,0.0,ATTA_LIT_2015_3_16_ALPC1,
ALPN2,ALP,N,2015-03-16,16,42.3,0.0,2.0,ATTA_LIT_2015_3_16_ALPN2,Fine litter has single Dussia fruit 16.g
ALPC2,ALP,C,2015-03-16,16,23.7,0.0,0.0,ATTA_LIT_2015_3_16_ALPC2,
ALPN3,ALP,N,2015-03-16,16,23.4,0.0,0.0,ATTA_LIT_2015_3_16_ALPN3,
ALPC3,ALP,C,2015-03-16,16,48.7,0.0,0.0,ATTA_LIT_2015_3_16_ALPC3,
REPN1,REP,N,2015-03-16,16,24.4,0.9,13.8,ATTA_LIT_2015_3_16_REPN1,
REPC1,REP,C,2015-03-16,16,15.5,1.0,0.0,ATTA_LIT_2015_3_16_REPC1,
REPN2,REP,N,2015-03-16,16,44.5,0.0,1.7,ATTA_LIT_2015_3_16_REPN2,
REPC2,REP,C,2015-03-16,16,30.5,0.0,0.0,ATTA_LIT_2015_3_16_REPC2,
REPN3,REP,N,2015-03-16,16,33.0,174.9,0.0,ATTA_LIT_2015_3_16_REPN3,"CWD leaf fraction was palm leaf, stored separatly"
REPC3,REP,C,2015-03-16,16,23.8,0.0,0.0,ATTA_LIT_2015_3_16_REPC3,
RESN1,RES,N,2015-03-16,16,29.5,1.8,0.0,ATTA_LIT_2015_3_16_RESN1,
RESC1,RES,C,2015-03-16,16,18.2,0.0,14.9,ATTA_LIT_2015_3_16_RESC1,"Trap #941 broken, not collected"
RESN2,RES,N,2015-03-16,16,23.3,0.0,0.0,ATTA_LIT_2015_3_16_RESN2,
RESC2,RES,C,2015-03-16,16,18.1,0.0,0.0,ATTA_LIT_2015_3_16_RESC2,
RESN3,RES,N,2015-03-16,16,27.0,0.0,2.6,ATTA_LIT_2015_3_16_RESN3,
RESC3,RES,C,2015-03-16,16,21.7,0.0,0.0,ATTA_LIT_2015_3_16_RESC3,
ALPN1,ALP,N,2015-04-01,16,18.9,0.0,0.0,ATTA_LIT_2015_4_1_ALPN1,
ALPC1,ALP,C,2015-04-01,16,22.9,0.0,0.0,ATTA_LIT_2015_4_1_ALPC1,
ALPN2,ALP,N,2015-04-01,16,52.3,0.0,23.1,ATTA_LIT_2015_4_1_ALPN2,Fine litter has single Dussia fruit 14.2 g
ALPC2,ALP,C,2015-04-01,16,26.5,0.0,0.0,ATTA_LIT_2015_4_1_ALPC2,
ALPN3,ALP,N,2015-04-01,16,22.2,0.0,0.0,ATTA_LIT_2015_4_1_ALPN3,
ALPC3,ALP,C,2015-04-01,16,29.5,0.0,0.0,ATTA_LIT_2015_4_1_ALPC3,
REPN1,REP,N,2015-04-01,16,8.8,0.0,0.0,ATTA_LIT_2015_4_1_REPN1,
REPC1,REP,C,2015-04-01,16,17.0,0.0,0.0,ATTA_LIT_2015_4_1_REPC1,
REPN2,REP,N,2015-04-01,16,31.1,0.0,0.0,ATTA_LIT_2015_4_1_REPN2,
REPC2,REP,C,2015-04-01,16,38.5,0.0,0.0,ATTA_LIT_2015_4_1_REPC2,
REPN3,REP,N,2015-04-01,16,23.8,0.0,0.0,ATTA_LIT_2015_4_1_REPN3,
REPC3,REP,C,2015-04-01,16,25.1,0.0,0.0,ATTA_LIT_2015_4_1_REPC3,
RESN1,RES,N,2015-04-01,16,36.5,0.0,0.0,ATTA_LIT_2015_4_1_RESN1,
RESC1,RES,C,2015-04-01,16,32.0,0.0,0.0,ATTA_LIT_2015_4_1_RESC1,
RESN2,RES,N,2015-04-01,16,17.2,0.0,0.0,ATTA_LIT_2015_4_1_RESN2,
RESC2,RES,C,2015-04-01,16,20.5,0.0,0.0,ATTA_LIT_2015_4_1_RESC2,
RESN3,RES,N,2015-04-01,16,24.9,0.0,0.0,ATTA_LIT_2015_4_1_RESN3,
RESC3,RES,C,2015-04-01,16,24.6,0.0,8.9,ATTA_LIT_2015_4_1_RESC3,
ALPN1,ALP,N,2015-04-17,16,34.1,0.0,1.7,ATTA_LIT_2015_4_17_ALPN1,
ALPC1,ALP,C,2015-04-17,16,15.1,0.0,8.4,ATTA_LIT_2015_4_17_ALPC1,
ALPN2,ALP,N,2015-04-17,16,55.6,0.0,0.0,ATTA_LIT_2015_4_17_ALPN2,
ALPC2,ALP,C,2015-04-17,16,24.0,0.0,0.0,ATTA_LIT_2015_4_17_ALPC2,
ALPN3,ALP,N,2015-04-17,16,21.3,0.0,0.0,ATTA_LIT_2015_4_17_ALPN3,
ALPC3,ALP,C,2015-04-17,16,36.7,1.9,0.0,ATTA_LIT_2015_4_17_ALPC3,
REPN1,REP,N,2015-04-17,16,11.8,0.0,0.0,ATTA_LIT_2015_4_17_REPN1,
REPC1,REP,C,2015-04-17,16,20.5,0.0,0.0,ATTA_LIT_2015_4_17_REPC1,
REPN2,REP,N,2015-04-17,16,38.0,0.0,0.0,ATTA_LIT_2015_4_17_REPN2,
REPC2,REP,C,2015-04-17,16,49.1,0.0,0.0,ATTA_LIT_2015_4_17_REPC2,5.1g from single fruit
REPN3,REP,N,2015-04-17,16,35.7,0.0,0.0,ATTA_LIT_2015_4_17_REPN3,
REPC3,REP,C,2015-04-17,16,23.5,0.0,0.0,ATTA_LIT_2015_4_17_REPC3,
RESN1,RES,N,2015-04-17,16,26.8,0.0,0.0,ATTA_LIT_2015_4_17_RESN1,
RESC1,RES,C,2015-04-17,16,28.2,0.0,5.6,ATTA_LIT_2015_4_17_RESC1,
RESN2,RES,N,2015-04-17,16,20.2,0.0,0.0,ATTA_LIT_2015_4_17_RESN2,
RESC2,RES,C,2015-04-17,16,20.7,0.0,0.0,ATTA_LIT_2015_4_17_RESC2,
RESN3,RES,N,2015-04-17,16,24.3,0.0,0.0,ATTA_LIT_2015_4_17_RESN3,
RESC3,RES,C,2015-04-17,16,22.1,0.0,0.0,ATTA_LIT_2015_4_17_RESC3,
ALPN1,ALP,N,2015-05-03,16,26.1,0.0,7.3,ATTA_LIT_2015_5_3_ALPN1,
ALPC1,ALP,C,2015-05-03,16,13.3,2.5,0.0,ATTA_LIT_2015_5_3_ALPC1,
ALPN2,ALP,N,2015-05-03,16,27.8,0.0,0.0,ATTA_LIT_2015_5_3_ALPN2,
ALPC2,ALP,C,2015-05-03,16,31.7,0.0,1.1,ATTA_LIT_2015_5_3_ALPC2,
ALPN3,ALP,N,2015-05-03,16,25.0,0.0,2.9,ATTA_LIT_2015_5_3_ALPN3,
ALPC3,ALP,C,2015-05-03,16,30.2,0.0,0.0,ATTA_LIT_2015_5_3_ALPC3,
REPN1,REP,N,2015-05-03,16,19.2,0.0,0.0,ATTA_LIT_2015_5_3_REPN1,
REPC1,REP,C,2015-05-03,16,18.3,0.0,0.0,ATTA_LIT_2015_5_3_REPC1,
REPN2,REP,N,2015-05-03,16,34.5,0.0,0.0,ATTA_LIT_2015_5_3_REPN2,
REPC2,REP,C,2015-05-03,16,36.9,0.0,0.0,ATTA_LIT_2015_5_3_REPC2,
REPN3,REP,N,2015-05-03,16,29.3,0.0,0.0,ATTA_LIT_2015_5_3_REPN3,
REPC3,REP,C,2015-05-03,16,25.2,0.0,0.0,ATTA_LIT_2015_5_3_REPC3,
RESN1,RES,N,2015-05-03,16,37.6,0.0,0.0,ATTA_LIT_2015_5_3_RESN1,
RESC1,RES,C,2015-05-03,16,11.6,0.3,0.0,ATTA_LIT_2015_5_3_RESC1,
RESN2,RES,N,2015-05-03,16,17.6,0.0,0.0,ATTA_LIT_2015_5_3_RESN2,
RESC2,RES,C,2015-05-03,16,22.1,0.7,0.0,ATTA_LIT_2015_5_3_RESC2,
RESN3,RES,N,2015-05-03,16,25.6,0.0,0.0,ATTA_LIT_2015_5_3_RESN3,
RESC3,RES,C,2015-05-03,16,11.4,0.0,0.0,ATTA_LIT_2015_5_3_RESC3,
ALPN1,ALP,N,2015-05-16,13,20.9,24.3,53.8,ATTA_LIT_2015_5_16_ALPN1,
ALPC1,ALP,C,2015-05-16,13,11.3,0.0,1.1,ATTA_LIT_2015_5_16_ALPC1,
ALPN2,ALP,N,2015-05-16,13,12.0,0.0,0.0,ATTA_LIT_2015_5_16_ALPN2,
ALPC2,ALP,C,2015-05-16,13,22.8,2.1,0.0,ATTA_LIT_2015_5_16_ALPC2,
ALPN3,ALP,N,2015-05-16,13,16.3,0.0,2.7,ATTA_LIT_2015_5_16_ALPN3,
ALPC3,ALP,C,2015-05-16,13,17.8,0.0,0.0,ATTA_LIT_2015_5_16_ALPC3,
REPN1,REP,N,2015-05-16,13,38.7,0.0,0.0,ATTA_LIT_2015_5_16_REPN1,
REPC1,REP,C,2015-05-16,13,33.7,0.0,0.0,ATTA_LIT_2015_5_16_REPC1,One trap covered by palm leaf was not collected
REPN2,REP,N,2015-05-16,13,33.9,0.0,0.0,ATTA_LIT_2015_5_16_REPN2,
REPC2,REP,C,2015-05-16,13,17.7,0.0,72.2,ATTA_LIT_2015_5_16_REPC2,
REPN3,REP,N,2015-05-16,13,35.1,0.0,0.0,ATTA_LIT_2015_5_16_REPN3,
REPC3,REP,C,2015-05-16,13,28.0,0.0,1.9,ATTA_LIT_2015_5_16_REPC3,
RESN1,RES,N,2015-05-16,13,16.3,0.0,0.0,ATTA_LIT_2015_5_16_RESN1,
RESC1,RES,C,2015-05-16,13,8.1,0.0,17.6,ATTA_LIT_2015_5_16_RESC1,
RESN2,RES,N,2015-05-16,13,22.1,0.0,0.0,ATTA_LIT_2015_5_16_RESN2,
RESC2,RES,C,2015-05-16,13,32.1,0.0,0.0,ATTA_LIT_2015_5_16_RESC2,
RESN3,RES,N,2015-05-16,13,19.7,0.0,0.0,ATTA_LIT_2015_5_16_RESN3,
RESC3,RES,C,2015-05-16,13,19.1,0.0,0.0,ATTA_LIT_2015_5_16_RESC3,
ALPN1,ALP,N,2015-06-01,16,5.9,0.0,10.6,ATTA_LIT_2015_6_1_ALPN1,"No notes on collection, so assuming 01Jun2015"
ALPC1,ALP,C,2015-06-01,16,16.2,0.0,0.0,ATTA_LIT_2015_6_1_ALPC1,
ALPN2,ALP,N,2015-06-01,16,9.7,0.0,0.0,ATTA_LIT_2015_6_1_ALPN2,
ALPC2,ALP,C,2015-06-01,16,19.5,0.0,6.9,ATTA_LIT_2015_6_1_ALPC2,
ALPN3,ALP,N,2015-06-01,16,15.8,0.0,0.0,ATTA_LIT_2015_6_1_ALPN3,
ALPC3,ALP,C,2015-06-01,16,23.3,0.0,11.1,ATTA_LIT_2015_6_1_ALPC3,
REPN1,REP,N,2015-06-01,16,26.6,0.0,0.0,ATTA_LIT_2015_6_1_REPN1,
REPC1,REP,C,2015-06-01,16,30.1,0.0,0.0,ATTA_LIT_2015_6_1_REPC1,
REPN2,REP,N,2015-06-01,16,26.0,0.0,0.9,ATTA_LIT_2015_6_1_REPN2,
REPC2,REP,C,2015-06-01,16,22.7,0.0,0.0,ATTA_LIT_2015_6_1_REPC2,
REPN3,REP,N,2015-06-01,16,26.8,0.0,0.0,ATTA_LIT_2015_6_1_REPN3,
REPC3,REP,C,2015-06-01,16,28.8,0.0,15.8,ATTA_LIT_2015_6_1_REPC3,
RESN1,RES,N,2015-06-01,16,30.1,0.0,0.0,ATTA_LIT_2015_6_1_RESN1,
RESC1,RES,C,2015-06-01,16,17.6,0.0,0.0,ATTA_LIT_2015_6_1_RESC1,
RESN2,RES,N,2015-06-01,16,24.6,0.0,0.0,ATTA_LIT_2015_6_1_RESN2,
RESC2,RES,C,2015-06-01,16,47.7,0.0,0.0,ATTA_LIT_2015_6_1_RESC2,
RESN3,RES,N,2015-06-01,16,33.4,0.0,0.0,ATTA_LIT_2015_6_1_RESN3,
RESC3,RES,C,2015-06-01,16,23.4,0.0,0.0,ATTA_LIT_2015_6_1_RESC3,Hard to read notes
ALPN1,ALP,N,2015-06-15,14,22.6,0.0,0.0,ATTA_LIT_2015_6_15_ALPN1,
ALPC1,ALP,C,2015-06-15,14,9.1,0.0,2.1,ATTA_LIT_2015_6_15_ALPC1,
ALPN2,ALP,N,2015-06-15,14,15.3,0.0,0.0,ATTA_LIT_2015_6_15_ALPN2,
ALPC2,ALP,C,2015-06-15,14,16.8,0.0,0.0,ATTA_LIT_2015_6_15_ALPC2,
ALPN3,ALP,N,2015-06-15,14,11.7,0.0,4.2,ATTA_LIT_2015_6_15_ALPN3,
ALPC3,ALP,C,2015-06-15,14,18.0,0.0,104.0,ATTA_LIT_2015_6_15_ALPC3,"CWD data hard to read, but most likely OK"
REPN1,REP,N,2015-06-15,14,24.5,0.0,0.0,ATTA_LIT_2015_6_15_REPN1,
REPC1,REP,C,2015-06-15,14,20.1,0.0,0.0,ATTA_LIT_2015_6_15_REPC1,
REPN2,REP,N,2015-06-15,14,27.7,0.0,0.0,ATTA_LIT_2015_6_15_REPN2,
REPC2,REP,C,2015-06-15,14,18.3,0.0,0.0,ATTA_LIT_2015_6_15_REPC2,
REPN3,REP,N,2015-06-15,14,15.7,0.0,15.3,ATTA_LIT_2015_6_15_REPN3,
REPC3,REP,C,2015-06-15,14,13.6,0.0,0.0,ATTA_LIT_2015_6_15_REPC3,
RESN1,RES,N,2015-06-15,14,30.6,0.0,0.0,ATTA_LIT_2015_6_15_RESN1,
RESC1,RES,C,2015-06-15,14,27.7,0.0,0.0,ATTA_LIT_2015_6_15_RESC1,
RESN2,RES,N,2015-06-15,14,15.3,0.0,0.0,ATTA_LIT_2015_6_15_RESN2,
RESC2,RES,C,2015-06-15,14,18.1,0.0,0.0,ATTA_LIT_2015_6_15_RESC2,
RESN3,RES,N,2015-06-15,14,18.6,0.0,0.0,ATTA_LIT_2015_6_15_RESN3,
RESC3,RES,C,2015-06-15,14,28.7,0.0,38.2,ATTA_LIT_2015_6_15_RESC3,
ALPN1,ALP,N,2015-07-01,16,40.7,0.0,35.8,ATTA_LIT_2015_7_1_ALPN1,
ALPC1,ALP,C,2015-07-01,16,38.9,12.6,0.0,ATTA_LIT_2015_7_1_ALPC1,Fine litter has single pod of 12.2g
ALPN2,ALP,N,2015-07-01,16,35.5,0.0,0.0,ATTA_LIT_2015_7_1_ALPN2,
ALPC2,ALP,C,2015-07-01,16,18.9,0.0,25.7,ATTA_LIT_2015_7_1_ALPC2,
ALPN3,ALP,N,2015-07-01,16,14.5,0.0,18.3,ATTA_LIT_2015_7_1_ALPN3,
ALPC3,ALP,C,2015-07-01,16,35.8,0.0,0.0,ATTA_LIT_2015_7_1_ALPC3,
REPN1,REP,N,2015-07-01,16,23.3,0.0,0.0,ATTA_LIT_2015_7_1_REPN1,
REPC1,REP,C,2015-07-01,16,42.6,0.0,0.0,ATTA_LIT_2015_7_1_REPC1,
REPN2,REP,N,2015-07-01,16,43.9,0.0,23.0,ATTA_LIT_2015_7_1_REPN2,
REPC2,REP,C,2015-07-01,16,34.9,0.0,0.0,ATTA_LIT_2015_7_1_REPC2,
REPN3,REP,N,2015-07-01,16,25.1,0.0,0.0,ATTA_LIT_2015_7_1_REPN3,
REPC3,REP,C,2015-07-01,16,22.9,0.0,0.0,ATTA_LIT_2015_7_1_REPC3,
RESN1,RES,N,2015-07-01,16,30.8,0.0,0.0,ATTA_LIT_2015_7_1_RESN1,
RESC1,RES,C,2015-07-01,16,18.9,0.0,0.0,ATTA_LIT_2015_7_1_RESC1,
RESN2,RES,N,2015-07-01,16,37.7,0.0,0.0,ATTA_LIT_2015_7_1_RESN2,
RESC2,RES,C,2015-07-01,16,21.5,0.0,0.0,ATTA_LIT_2015_7_1_RESC2,
RESN3,RES,N,2015-07-01,16,18.1,0.0,0.0,ATTA_LIT_2015_7_1_RESN3,
RESC3,RES,C,2015-07-01,16,26.2,0.0,92.0,ATTA_LIT_2015_7_1_RESC3,
ALPN1,ALP,N,2015-07-15,14,27.6,0.0,19.0,ATTA_LIT_2015_7_15_ALPN1,
ALPC1,ALP,C,2015-07-15,14,37.0,0.0,0.0,ATTA_LIT_2015_7_15_ALPC1,Fine litter 14.2g from single seed pod
ALPN2,ALP,N,2015-07-15,14,7.6,0.0,52.1,ATTA_LIT_2015_7_15_ALPN2,
ALPC2,ALP,C,2015-07-15,14,13.9,0.0,45.9,ATTA_LIT_2015_7_15_ALPC2,
ALPN3,ALP,N,2015-07-15,14,10.1,0.0,0.0,ATTA_LIT_2015_7_15_ALPN3,
ALPC3,ALP,C,2015-07-15,14,23.2,2.0,8.9,ATTA_LIT_2015_7_15_ALPC3,
REPN1,REP,N,2015-07-15,14,12.0,3.6,0.0,ATTA_LIT_2015_7_15_REPN1,
REPC1,REP,C,2015-07-15,14,34.0,1.9,0.0,ATTA_LIT_2015_7_15_REPC1,
REPN2,REP,N,2015-07-15,14,18.0,0.0,8.9,ATTA_LIT_2015_7_15_REPN2,
REPC2,REP,C,2015-07-15,14,20.9,3.6,4.3,ATTA_LIT_2015_7_15_REPC2,
REPN3,REP,N,2015-07-15,14,15.0,0.0,0.0,ATTA_LIT_2015_7_15_REPN3,
REPC3,REP,C,2015-07-15,14,8.6,0.0,0.0,ATTA_LIT_2015_7_15_REPC3,
RESN1,RES,N,2015-07-15,14,23.3,0.0,0.0,ATTA_LIT_2015_7_15_RESN1,
RESC1,RES,C,2015-07-15,14,19.0,0.0,0.0,ATTA_LIT_2015_7_15_RESC1,
RESN2,RES,N,2015-07-15,14,11.7,0.0,0.0,ATTA_LIT_2015_7_15_RESN2,
RESC2,RES,C,2015-07-15,14,13.7,0.0,0.0,ATTA_LIT_2015_7_15_RESC2,
RESN3,RES,N,2015-07-15,14,21.1,0.0,0.0,ATTA_LIT_2015_7_15_RESN3,
RESC3,RES,C,2015-07-15,14,24.2,0.0,8.2,ATTA_LIT_2015_7_15_RESC3,
ALPN1,ALP,N,2015-08-02,18,6.8,0.0,0.0,ATTA_LIT_2015_8_2_ALPN1,
ALPC1,ALP,C,2015-08-02,18,7.9,0.0,0.0,ATTA_LIT_2015_8_2_ALPC1,
ALPN2,ALP,N,2015-08-02,18,20.8,0.0,0.0,ATTA_LIT_2015_8_2_ALPN2,
ALPC2,ALP,C,2015-08-02,18,21.0,0.0,0.0,ATTA_LIT_2015_8_2_ALPC2,
ALPN3,ALP,N,2015-08-02,18,11.8,0.0,0.0,ATTA_LIT_2015_8_2_ALPN3,
ALPC3,ALP,C,2015-08-02,18,23.7,0.0,0.0,ATTA_LIT_2015_8_2_ALPC3,
REPN1,REP,N,2015-08-02,18,9.7,0.0,0.0,ATTA_LIT_2015_8_2_REPN1,
REPC1,REP,C,2015-08-02,18,20.4,0.0,0.0,ATTA_LIT_2015_8_2_REPC1,
REPN2,REP,N,2015-08-02,18,16.3,0.0,0.0,ATTA_LIT_2015_8_2_REPN2,
REPC2,REP,C,2015-08-02,18,36.4,0.0,0.0,ATTA_LIT_2015_8_2_REPC2,Fine litter 6.4g from 3 large seeds
REPN3,REP,N,2015-08-02,18,11.3,0.0,13.6,ATTA_LIT_2015_8_2_REPN3,
REPC3,REP,C,2015-08-02,18,29.7,0.0,0.0,ATTA_LIT_2015_8_2_REPC3,
RESN1,RES,N,2015-08-02,18,16.7,0.0,0.0,ATTA_LIT_2015_8_2_RESN1,
RESC1,RES,C,2015-08-02,18,16.9,0.0,0.0,ATTA_LIT_2015_8_2_RESC1,
RESN2,RES,N,2015-08-02,18,22.8,89.1,0.0,ATTA_LIT_2015_8_2_RESN2,
RESC2,RES,C,2015-08-02,18,26.3,0.0,0.0,ATTA_LIT_2015_8_2_RESC2,
RESN3,RES,N,2015-08-02,18,17.8,0.0,0.0,ATTA_LIT_2015_8_2_RESN3,
RESC3,RES,C,2015-08-02,18,19.4,0.0,50.2,ATTA_LIT_2015_8_2_RESC3,
ALPN1,ALP,N,2015-08-15,13,15.8,0.0,0.9,ATTA_LIT_2015_8_15_ALPN1,
ALPC1,ALP,C,2015-08-15,13,9.2,0.0,0.0,ATTA_LIT_2015_8_15_ALPC1,
ALPN2,ALP,N,2015-08-15,13,9.7,5.0,0.0,ATTA_LIT_2015_8_15_ALPN2,
ALPC2,ALP,C,2015-08-15,13,16.2,8.2,0.0,ATTA_LIT_2015_8_15_ALPC2,
ALPN3,ALP,N,2015-08-15,13,8.7,0.0,0.0,ATTA_LIT_2015_8_15_ALPN3,
ALPC3,ALP,C,2015-08-15,13,7.5,0.0,0.0,ATTA_LIT_2015_8_15_ALPC3,
REPN1,REP,N,2015-08-15,13,16.5,54.9,0.0,ATTA_LIT_2015_8_15_REPN1,"CWD leaf fraction was palm leaf, stored separatly"
REPC1,REP,C,2015-08-15,13,12.7,0.0,0.0,ATTA_LIT_2015_8_15_REPC1,
REPN2,REP,N,2015-08-15,13,27.9,0.0,0.0,ATTA_LIT_2015_8_15_REPN2,
REPC2,REP,C,2015-08-15,13,19.4,0.0,0.0,ATTA_LIT_2015_8_15_REPC2,
REPN3,REP,N,2015-08-15,13,27.9,0.0,0.0,ATTA_LIT_2015_8_15_REPN3,Fine litter 16.2g from P.macro seed pod
REPC3,REP,C,2015-08-15,13,24.0,0.0,0.0,ATTA_LIT_2015_8_15_REPC3,
RESN1,RES,N,2015-08-15,13,12.9,0.9,0.0,ATTA_LIT_2015_8_15_RESN1,
RESC1,RES,C,2015-08-15,13,24.1,0.0,0.0,ATTA_LIT_2015_8_15_RESC1,
RESN2,RES,N,2015-08-15,13,8.8,7.1,0.0,ATTA_LIT_2015_8_15_RESN2,
RESC2,RES,C,2015-08-15,13,13.8,0.0,9.6,ATTA_LIT_2015_8_15_RESC2,
RESN3,RES,N,2015-08-15,13,29.0,5.8,0.0,ATTA_LIT_2015_8_15_RESN3,
RESC3,RES,C,2015-08-15,13,17.8,0.0,9.4,ATTA_LIT_2015_8_15_RESC3,
ALPN1,ALP,N,2015-09-01,17,17.5,0.0,0.0,ATTA_LIT_2015_9_1_ALPN1,
ALPC1,ALP,C,2015-09-01,17,13.0,0.0,0.0,ATTA_LIT_2015_9_1_ALPC1,
ALPN2,ALP,N,2015-09-01,17,12.4,9.8,0.0,ATTA_LIT_2015_9_1_ALPN2,
ALPC2,ALP,C,2015-09-01,17,14.8,0.0,0.0,ATTA_LIT_2015_9_1_ALPC2,
ALPN3,ALP,N,2015-09-01,17,17.3,0.0,0.0,ATTA_LIT_2015_9_1_ALPN3,
ALPC3,ALP,C,2015-09-01,17,20.0,0.0,0.0,ATTA_LIT_2015_9_1_ALPC3,
REPN1,REP,N,2015-09-01,17,23.0,0.0,11.6,ATTA_LIT_2015_9_1_REPN1,
REPC1,REP,C,2015-09-01,17,17.5,0.0,68.4,ATTA_LIT_2015_9_1_REPC1,
REPN2,REP,N,2015-09-01,17,34.8,0.0,0.0,ATTA_LIT_2015_9_1_REPN2,Fine litter 8.5g from 7 seeds
REPC2,REP,C,2015-09-01,17,26.2,0.0,0.0,ATTA_LIT_2015_9_1_REPC2,Fine litter 3.4g from 2 seeds/fruits
REPN3,REP,N,2015-09-01,17,18.4,0.0,0.0,ATTA_LIT_2015_9_1_REPN3,
REPC3,REP,C,2015-09-01,17,25.1,0.0,0.0,ATTA_LIT_2015_9_1_REPC3,
RESN1,RES,N,2015-09-01,17,17.5,0.0,0.0,ATTA_LIT_2015_9_1_RESN1,
RESC1,RES,C,2015-09-01,17,16.2,0.0,0.0,ATTA_LIT_2015_9_1_RESC1,
RESN2,RES,N,2015-09-01,17,25.0,4.8,0.0,ATTA_LIT_2015_9_1_RESN2,
RESC2,RES,C,2015-09-01,17,18.4,0.0,0.0,ATTA_LIT_2015_9_1_RESC2,
RESN3,RES,N,2015-09-01,17,25.3,0.0,0.0,ATTA_LIT_2015_9_1_RESN3,
RESC3,RES,C,2015-09-01,17,21.8,0.0,46.0,ATTA_LIT_2015_9_1_RESC3,
ALPN1,ALP,N,2015-09-15,14,14.6,0.0,0.0,ATTA_LIT_2015_9_15_ALPN1,Fine litter 9.0g from seedpod
ALPC1,ALP,C,2015-09-15,14,29.5,5.4,0.0,ATTA_LIT_2015_9_15_ALPC1,
ALPN2,ALP,N,2015-09-15,14,10.6,0.0,0.0,ATTA_LIT_2015_9_15_ALPN2,
ALPC2,ALP,C,2015-09-15,14,4.7,0.0,2.8,ATTA_LIT_2015_9_15_ALPC2,"Trap #630 damaged, not collected and replaced"
ALPN3,ALP,N,2015-09-15,14,10.6,0.0,0.0,ATTA_LIT_2015_9_15_ALPN3,
ALPC3,ALP,C,2015-09-15,14,17.9,0.0,0.0,ATTA_LIT_2015_9_15_ALPC3,
REPN1,REP,N,2015-09-15,14,26.2,0.0,0.0,ATTA_LIT_2015_9_15_REPN1,
REPC1,REP,C,2015-09-15,14,36.0,0.0,0.0,ATTA_LIT_2015_9_15_REPC1,
REPN2,REP,N,2015-09-15,14,30.9,0.0,2.7,ATTA_LIT_2015_9_15_REPN2,
REPC2,REP,C,2015-09-15,14,17.9,3.8,0.0,ATTA_LIT_2015_9_15_REPC2,
REPN3,REP,N,2015-09-15,14,14.9,0.0,0.0,ATTA_LIT_2015_9_15_REPN3,
REPC3,REP,C,2015-09-15,14,34.7,0.0,0.0,ATTA_LIT_2015_9_15_REPC3,
RESN1,RES,N,2015-09-15,14,14.4,0.0,4.5,ATTA_LIT_2015_9_15_RESN1,"Trap #937 damaged, not collected and replaced"
RESC1,RES,C,2015-09-15,14,22.1,0.0,0.0,ATTA_LIT_2015_9_15_RESC1,
RESN2,RES,N,2015-09-15,14,31.1,0.0,6.9,ATTA_LIT_2015_9_15_RESN2,
RESC2,RES,C,2015-09-15,14,24.5,0.0,0.0,ATTA_LIT_2015_9_15_RESC2,
RESN3,RES,N,2015-09-15,14,32.1,0.0,12.2,ATTA_LIT_2015_9_15_RESN3,
RESC3,RES,C,2015-09-15,14,37.0,0.0,5.4,ATTA_LIT_2015_9_15_RESC3,
ALPN1,ALP,N,2015-10-01,16,45.7,0.0,0.0,ATTA_LIT_2015_10_1_ALPN1,Fine litter 15.9g from seeds
ALPC1,ALP,C,2015-10-01,16,15.6,0.0,0.0,ATTA_LIT_2015_10_1_ALPC1,
ALPN2,ALP,N,2015-10-01,16,36.7,1.6,0.0,ATTA_LIT_2015_10_1_ALPN2,
ALPC2,ALP,C,2015-10-01,16,22.1,0.0,0.0,ATTA_LIT_2015_10_1_ALPC2,
ALPN3,ALP,N,2015-10-01,16,16.6,0.0,0.0,ATTA_LIT_2015_10_1_ALPN3,
ALPC3,ALP,C,2015-10-01,16,27.3,0.0,3.8,ATTA_LIT_2015_10_1_ALPC3,
REPN1,REP,N,2015-10-01,16,35.9,0.0,0.0,ATTA_LIT_2015_10_1_REPN1,
REPC1,REP,C,2015-10-01,16,19.9,1.9,0.0,ATTA_LIT_2015_10_1_REPC1,
REPN2,REP,N,2015-10-01,16,43.2,0.0,0.0,ATTA_LIT_2015_10_1_REPN2,
REPC2,REP,C,2015-10-01,16,38.9,0.0,0.0,ATTA_LIT_2015_10_1_REPC2,
REPN3,REP,N,2015-10-01,16,21.5,0.0,0.0,ATTA_LIT_2015_10_1_REPN3,
REPC3,REP,C,2015-10-01,16,31.0,0.0,0.0,ATTA_LIT_2015_10_1_REPC3,
RESN1,RES,N,2015-10-01,16,27.2,0.0,0.0,ATTA_LIT_2015_10_1_RESN1,
RESC1,RES,C,2015-10-01,16,23.0,0.0,74.0,ATTA_LIT_2015_10_1_RESC1,
RESN2,RES,N,2015-10-01,16,33.0,0.0,10.8,ATTA_LIT_2015_10_1_RESN2,
RESC2,RES,C,2015-10-01,16,26.2,0.0,0.0,ATTA_LIT_2015_10_1_RESC2,
RESN3,RES,N,2015-10-01,16,26.4,0.0,0.0,ATTA_LIT_2015_10_1_RESN3,
RESC3,RES,C,2015-10-01,16,30.3,0.0,14.8,ATTA_LIT_2015_10_1_RESC3,
ALPN1,ALP,N,2015-10-15,14,25.6,0.0,0.0,ATTA_LIT_2015_10_15_ALPN1,Fine litter 6.9g from 2 seeds
ALPC1,ALP,C,2015-10-15,14,14.2,0.0,0.0,ATTA_LIT_2015_10_15_ALPC1,Fine litter 3.8g from seedpod
ALPN2,ALP,N,2015-10-15,14,69.0,2.8,0.0,ATTA_LIT_2015_10_15_ALPN2,
ALPC2,ALP,C,2015-10-15,14,14.8,0.0,0.0,ATTA_LIT_2015_10_15_ALPC2,
ALPN3,ALP,N,2015-10-15,14,19.9,0.0,0.0,ATTA_LIT_2015_10_15_ALPN3,
ALPC3,ALP,C,2015-10-15,14,24.3,0.0,0.0,ATTA_LIT_2015_10_15_ALPC3,
REPN1,REP,N,2015-10-15,14,18.9,0.0,1.2,ATTA_LIT_2015_10_15_REPN1,
REPC1,REP,C,2015-10-15,14,12.5,0.0,0.0,ATTA_LIT_2015_10_15_REPC1,
REPN2,REP,N,2015-10-15,14,30.6,4.9,0.0,ATTA_LIT_2015_10_15_REPN2,
REPC2,REP,C,2015-10-15,14,24.2,0.0,0.0,ATTA_LIT_2015_10_15_REPC2,
REPN3,REP,N,2015-10-15,14,19.0,0.0,0.0,ATTA_LIT_2015_10_15_REPN3,
REPC3,REP,C,2015-10-15,14,30.9,0.0,0.0,ATTA_LIT_2015_10_15_REPC3,
RESN1,RES,N,2015-10-15,14,17.8,0.0,0.0,ATTA_LIT_2015_10_15_RESN1,
RESC1,RES,C,2015-10-15,14,20.8,0.0,0.0,ATTA_LIT_2015_10_15_RESC1,
RESN2,RES,N,2015-10-15,14,10.7,0.0,128.0,ATTA_LIT_2015_10_15_RESN2,High CWD value correct
RESC2,RES,C,2015-10-15,14,18.1,0.0,0.0,ATTA_LIT_2015_10_15_RESC2,
RESN3,RES,N,2015-10-15,14,25.9,0.0,0.0,ATTA_LIT_2015_10_15_RESN3,
RESC3,RES,C,2015-10-15,14,10.7,0.0,0.0,ATTA_LIT_2015_10_15_RESC3,
ALPN1,ALP,N,2015-11-01,17,26.1,0.0,0.0,ATTA_LIT_2015_11_1_ALPN1,
ALPC1,ALP,C,2015-11-01,17,16.4,0.0,0.0,ATTA_LIT_2015_11_1_ALPC1,
ALPN2,ALP,N,2015-11-01,17,30.5,0.0,2.5,ATTA_LIT_2015_11_1_ALPN2,
ALPC2,ALP,C,2015-11-01,17,16.8,0.0,0.0,ATTA_LIT_2015_11_1_ALPC2,
ALPN3,ALP,N,2015-11-01,17,27.3,0.0,0.0,ATTA_LIT_2015_11_1_ALPN3,
ALPC3,ALP,C,2015-11-01,17,15.0,0.0,0.0,ATTA_LIT_2015_11_1_ALPC3,
REPN1,REP,N,2015-11-01,17,25.4,0.0,0.0,ATTA_LIT_2015_11_1_REPN1,
REPC1,REP,C,2015-11-01,17,20.7,0.0,0.0,ATTA_LIT_2015_11_1_REPC1,
REPN2,REP,N,2015-11-01,17,39.0,5.0,0.7,ATTA_LIT_2015_11_1_REPN2,
REPC2,REP,C,2015-11-01,17,20.6,0.0,0.0,ATTA_LIT_2015_11_1_REPC2,Fine litter 7.9g from single fruit
REPN3,REP,N,2015-11-01,17,28.7,0.0,0.0,ATTA_LIT_2015_11_1_REPN3,Fine litter 3.4g from single seed
REPC3,REP,C,2015-11-01,17,26.7,0.0,0.0,ATTA_LIT_2015_11_1_REPC3,
RESN1,RES,N,2015-11-01,17,20.9,0.3,0.0,ATTA_LIT_2015_11_1_RESN1,
RESC1,RES,C,2015-11-01,17,20.1,0.0,0.0,ATTA_LIT_2015_11_1_RESC1,
RESN2,RES,N,2015-11-01,17,19.5,0.0,12.2,ATTA_LIT_2015_11_1_RESN2,
RESC2,RES,C,2015-11-01,17,13.1,0.0,0.0,ATTA_LIT_2015_11_1_RESC2,
RESN3,RES,N,2015-11-01,17,26.2,0.0,0.0,ATTA_LIT_2015_11_1_RESN3,
RESC3,RES,C,2015-11-01,17,19.7,0.0,32.5,ATTA_LIT_2015_11_1_RESC3,
ALPN1,ALP,N,2015-11-15,14,17.0,0.0,0.0,ATTA_LIT_2015_11_15_ALPN1,
ALPC1,ALP,C,2015-11-15,14,12.6,0.0,0.0,ATTA_LIT_2015_11_15_ALPC1,
ALPN2,ALP,N,2015-11-15,14,11.6,0.6,0.0,ATTA_LIT_2015_11_15_ALPN2,
ALPC2,ALP,C,2015-11-15,14,18.7,0.0,0.0,ATTA_LIT_2015_11_15_ALPC2,
ALPN3,ALP,N,2015-11-15,14,10.8,0.0,0.0,ATTA_LIT_2015_11_15_ALPN3,
ALPC3,ALP,C,2015-11-15,14,15.5,0.0,0.0,ATTA_LIT_2015_11_15_ALPC3,
REPN1,REP,N,2015-11-15,14,33.5,0.0,8.3,ATTA_LIT_2015_11_15_REPN1,
REPC1,REP,C,2015-11-15,14,28.5,0.0,0.0,ATTA_LIT_2015_11_15_REPC1,
REPN2,REP,N,2015-11-15,14,31.4,0.0,0.0,ATTA_LIT_2015_11_15_REPN2,
REPC2,REP,C,2015-11-15,14,37.1,2.3,20.3,ATTA_LIT_2015_11_15_REPC2,
REPN3,REP,N,2015-11-15,14,30.3,0.0,0.0,ATTA_LIT_2015_11_15_REPN3,
REPC3,REP,C,2015-11-15,14,27.5,0.0,0.0,ATTA_LIT_2015_11_15_REPC3,
RESN1,RES,N,2015-11-15,14,25.0,0.0,7.1,ATTA_LIT_2015_11_15_RESN1,
RESC1,RES,C,2015-11-15,14,15.6,0.0,0.0,ATTA_LIT_2015_11_15_RESC1,
RESN2,RES,N,2015-11-15,14,19.6,0.0,0.0,ATTA_LIT_2015_11_15_RESN2,
RESC2,RES,C,2015-11-15,14,21.9,0.0,0.0,ATTA_LIT_2015_11_15_RESC2,
RESN3,RES,N,2015-11-15,14,23.5,0.0,0.0,ATTA_LIT_2015_11_15_RESN3,
RESC3,RES,C,2015-11-15,14,14.1,0.0,3.2,ATTA_LIT_2015_11_15_RESC3,
ALPN1,ALP,N,2015-12-01,16,30.6,0.0,0.0,ATTA_LIT_2015_12_1_ALPN1,Fine litter 10.8g from P.macro seedpod
ALPC1,ALP,C,2015-12-01,16,10.4,0.0,0.0,ATTA_LIT_2015_12_1_ALPC1,
ALPN2,ALP,N,2015-12-01,16,23.7,0.0,0.0,ATTA_LIT_2015_12_1_ALPN2,
ALPC2,ALP,C,2015-12-01,16,16.3,0.0,0.0,ATTA_LIT_2015_12_1_ALPC2,
ALPN3,ALP,N,2015-12-01,16,11.2,2.3,0.0,ATTA_LIT_2015_12_1_ALPN3,
ALPC3,ALP,C,2015-12-01,16,37.9,0.0,0.0,ATTA_LIT_2015_12_1_ALPC3,
REPN1,REP,N,2015-12-01,16,27.9,0.0,0.0,ATTA_LIT_2015_12_1_REPN1,
REPC1,REP,C,2015-12-01,16,26.9,0.0,0.0,ATTA_LIT_2015_12_1_REPC1,
REPN2,REP,N,2015-12-01,16,34.1,0.0,0.0,ATTA_LIT_2015_12_1_REPN2,
REPC2,REP,C,2015-12-01,16,37.2,15.0,0.0,ATTA_LIT_2015_12_1_REPC2,Fine litter 15.4g from 4 seeds
REPN3,REP,N,2015-12-01,16,13.3,0.0,0.0,ATTA_LIT_2015_12_1_REPN3,
REPC3,REP,C,2015-12-01,16,33.7,0.0,0.0,ATTA_LIT_2015_12_1_REPC3,Fine litter 4.1 g from 1 seed
RESN1,RES,N,2015-12-01,16,17.3,0.0,0.0,ATTA_LIT_2015_12_1_RESN1,
RESC1,RES,C,2015-12-01,16,11.8,0.0,0.0,ATTA_LIT_2015_12_1_RESC1,
RESN2,RES,N,2015-12-01,16,20.0,0.0,0.0,ATTA_LIT_2015_12_1_RESN2,
RESC2,RES,C,2015-12-01,16,23.8,0.0,0.0,ATTA_LIT_2015_12_1_RESC2,
RESN3,RES,N,2015-12-01,16,14.2,0.0,0.0,ATTA_LIT_2015_12_1_RESN3,
RESC3,RES,C,2015-12-01,16,11.9,0.0,0.0,ATTA_LIT_2015_12_1_RESC3,
ALPN1,ALP,N,2015-12-15,14,26.9,0.0,0.0,ATTA_LIT_2015_12_15_ALPN1,
ALPC1,ALP,C,2015-12-15,14,4.9,0.0,0.0,ATTA_LIT_2015_12_15_ALPC1,
ALPN2,ALP,N,2015-12-15,14,15.3,0.0,0.0,ATTA_LIT_2015_12_15_ALPN2,
ALPC2,ALP,C,2015-12-15,14,16.1,0.0,0.0,ATTA_LIT_2015_12_15_ALPC2,
ALPN3,ALP,N,2015-12-15,14,10.0,0.0,0.0,ATTA_LIT_2015_12_15_ALPN3,
ALPC3,ALP,C,2015-12-15,14,34.4,0.0,0.0,ATTA_LIT_2015_12_15_ALPC3,Fine litter 19.5g from Diptrix seed
REPN1,REP,N,2015-12-15,14,53.0,0.0,0.0,ATTA_LIT_2015_12_15_REPN1,Fine litter 23.9g from P. macro seedpod
REPC1,REP,C,2015-12-15,14,23.7,0.3,0.0,ATTA_LIT_2015_12_15_REPC1,
REPN2,REP,N,2015-12-15,14,28.5,3.8,0.0,ATTA_LIT_2015_12_15_REPN2,
REPC2,REP,C,2015-12-15,14,18.5,0.0,0.0,ATTA_LIT_2015_12_15_REPC2,Fine litter 3.8g from single seed
REPN3,REP,N,2015-12-15,14,16.7,19.6,0.0,ATTA_LIT_2015_12_15_REPN3,
REPC3,REP,C,2015-12-15,14,21.5,0.0,0.0,ATTA_LIT_2015_12_15_REPC3,
RESN1,RES,N,2015-12-15,14,13.3,0.0,0.0,ATTA_LIT_2015_12_15_RESN1,
RESC1,RES,C,2015-12-15,14,12.2,0.0,0.0,ATTA_LIT_2015_12_15_RESC1,
RESN2,RES,N,2015-12-15,14,14.8,0.0,0.0,ATTA_LIT_2015_12_15_RESN2,
RESC2,RES,C,2015-12-15,14,49.8,0.0,0.0,ATTA_LIT_2015_12_15_RESC2,Fine litter >20g from P.macro branch/leaves
RESN3,RES,N,2015-12-15,14,13.1,0.0,0.0,ATTA_LIT_2015_12_15_RESN3,
RESC3,RES,C,2015-12-15,14,17.0,0.0,0.0,ATTA_LIT_2015_12_15_RESC3,
ALPN1,ALP,N,2016-01-01,17,28.6,0.0,5.7,ATTA_LIT_2016_1_1_ALPN1,
ALPC1,ALP,C,2016-01-01,17,13.5,16.4,0.0,ATTA_LIT_2016_1_1_ALPC1,
ALPN2,ALP,N,2016-01-01,17,46.2,0.0,0.0,ATTA_LIT_2016_1_1_ALPN2,Fine litter largely Dussia flowers
ALPC2,ALP,C,2016-01-01,17,30.4,3.3,0.0,ATTA_LIT_2016_1_1_ALPC2,
ALPN3,ALP,N,2016-01-01,17,18.6,0.0,0.0,ATTA_LIT_2016_1_1_ALPN3,
ALPC3,ALP,C,2016-01-01,17,51.5,0.0,0.0,ATTA_LIT_2016_1_1_ALPC3,
REPN1,REP,N,2016-01-01,17,69.0,0.0,0.0,ATTA_LIT_2016_1_1_REPN1,Fine litter 40.8g from P. macro seedpod
REPC1,REP,C,2016-01-01,17,17.7,0.0,0.0,ATTA_LIT_2016_1_1_REPC1,
REPN2,REP,N,2016-01-01,17,44.0,6.0,19.6,ATTA_LIT_2016_1_1_REPN2,
REPC2,REP,C,2016-01-01,17,83.4,168.8,0.0,ATTA_LIT_2016_1_1_REPC2,1 litter and 1 CWD trap collected (much palm in CWD)
REPN3,REP,N,2016-01-01,17,24.5,0.0,18.0,ATTA_LIT_2016_1_1_REPN3,
REPC3,REP,C,2016-01-01,17,41.1,0.0,0.0,ATTA_LIT_2016_1_1_REPC3,
RESN1,RES,N,2016-01-01,17,28.7,0.0,0.0,ATTA_LIT_2016_1_1_RESN1,
RESC1,RES,C,2016-01-01,17,33.0,0.0,0.0,ATTA_LIT_2016_1_1_RESC1,
RESN2,RES,N,2016-01-01,17,18.8,0.0,0.0,ATTA_LIT_2016_1_1_RESN2,
RESC2,RES,C,2016-01-01,17,29.7,0.0,0.0,ATTA_LIT_2016_1_1_RESC2,
RESN3,RES,N,2016-01-01,17,23.0,6.0,0.6,ATTA_LIT_2016_1_1_RESN3,
RESC3,RES,C,2016-01-01,17,22.9,0.0,8.3,ATTA_LIT_2016_1_1_RESC3,
ALPN1,ALP,N,2016-01-15,14,16.1,0.0,0.0,ATTA_LIT_2016_1_15_ALPN1,
ALPC1,ALP,C,2016-01-15,14,9.4,0.4,0.0,ATTA_LIT_2016_1_15_ALPC1,
ALPN2,ALP,N,2016-01-15,14,21.4,0.0,0.0,ATTA_LIT_2016_1_15_ALPN2,
ALPC2,ALP,C,2016-01-15,14,25.1,0.0,0.0,ATTA_LIT_2016_1_15_ALPC2,Fine litter 10.8g from 2 P.macro seeds
ALPN3,ALP,N,2016-01-15,14,14.7,0.0,0.0,ATTA_LIT_2016_1_15_ALPN3,
ALPC3,ALP,C,2016-01-15,14,26.0,0.0,0.0,ATTA_LIT_2016_1_15_ALPC3,
REPN1,REP,N,2016-01-15,14,13.5,0.0,0.0,ATTA_LIT_2016_1_15_REPN1,
REPC1,REP,C,2016-01-15,14,10.1,0.0,0.0,ATTA_LIT_2016_1_15_REPC1,
REPN2,REP,N,2016-01-15,14,34.5,0.0,0.0,ATTA_LIT_2016_1_15_REPN2,
REPC2,REP,C,2016-01-15,14,14.6,0.0,0.0,ATTA_LIT_2016_1_15_REPC2,Only 1 CWD trap collected
REPN3,REP,N,2016-01-15,14,13.0,0.0,0.0,ATTA_LIT_2016_1_15_REPN3,
REPC3,REP,C,2016-01-15,14,24.7,0.0,0.0,ATTA_LIT_2016_1_15_REPC3,
RESN1,RES,N,2016-01-15,14,15.9,1.2,0.0,ATTA_LIT_2016_1_15_RESN1,
RESC1,RES,C,2016-01-15,14,17.6,0.0,0.0,ATTA_LIT_2016_1_15_RESC1,
RESN2,RES,N,2016-01-15,14,19.1,0.0,45.4,ATTA_LIT_2016_1_15_RESN2,
RESC2,RES,C,2016-01-15,14,35.5,0.0,0.0,ATTA_LIT_2016_1_15_RESC2,Fine litter 23.0g from P.macro seedpod
RESN3,RES,N,2016-01-15,14,21.9,0.0,0.0,ATTA_LIT_2016_1_15_RESN3,
RESC3,RES,C,2016-01-15,14,11.7,0.0,0.0,ATTA_LIT_2016_1_15_RESC3,
ALPN1,ALP,N,2016-02-01,17,14.6,9.0,0.0,ATTA_LIT_2016_2_1_ALPN1,
ALPC1,ALP,C,2016-02-01,17,5.7,22.8,0.0,ATTA_LIT_2016_2_1_ALPC1,
ALPN2,ALP,N,2016-02-01,17,15.8,0.0,0.0,ATTA_LIT_2016_2_1_ALPN2,
ALPC2,ALP,C,2016-02-01,17,16.7,0.0,0.0,ATTA_LIT_2016_2_1_ALPC2,
ALPN3,ALP,N,2016-02-01,17,16.3,0.0,22.0,ATTA_LIT_2016_2_1_ALPN3,
ALPC3,ALP,C,2016-02-01,17,20.5,0.0,0.0,ATTA_LIT_2016_2_1_ALPC3,
REPN1,REP,N,2016-02-01,17,15.1,0.0,0.0,ATTA_LIT_2016_2_1_REPN1,
REPC1,REP,C,2016-02-01,17,11.8,0.0,0.0,ATTA_LIT_2016_2_1_REPC1,
REPN2,REP,N,2016-02-01,17,25.0,0.0,0.0,ATTA_LIT_2016_2_1_REPN2,
REPC2,REP,C,2016-02-01,17,9.2,0.0,0.0,ATTA_LIT_2016_2_1_REPC2,
REPN3,REP,N,2016-02-01,17,8.1,0.0,0.0,ATTA_LIT_2016_2_1_REPN3,
REPC3,REP,C,2016-02-01,17,17.5,0.0,0.0,ATTA_LIT_2016_2_1_REPC3,
RESN1,RES,N,2016-02-01,17,24.4,0.0,0.0,ATTA_LIT_2016_2_1_RESN1,
RESC1,RES,C,2016-02-01,17,18.1,0.0,0.0,ATTA_LIT_2016_2_1_RESC1,
RESN2,RES,N,2016-02-01,17,17.3,0.0,0.0,ATTA_LIT_2016_2_1_RESN2,
RESC2,RES,C,2016-02-01,17,25.0,0.0,0.0,ATTA_LIT_2016_2_1_RESC2,
RESN3,RES,N,2016-02-01,17,14.9,0.0,54.9,ATTA_LIT_2016_2_1_RESN3,
RESC3,RES,C,2016-02-01,17,11.3,0.0,0.0,ATTA_LIT_2016_2_1_RESC3,
ALPN1,ALP,N,2016-02-15,14,30.0,0.0,0.0,ATTA_LIT_2016_2_15_ALPN1,
ALPC1,ALP,C,2016-02-15,14,14.1,0.0,0.0,ATTA_LIT_2016_2_15_ALPC1,
ALPN2,ALP,N,2016-02-15,14,14.4,0.0,0.0,ATTA_LIT_2016_2_15_ALPN2,
ALPC2,ALP,C,2016-02-15,14,23.1,0.0,0.0,ATTA_LIT_2016_2_15_ALPC2,
ALPN3,ALP,N,2016-02-15,14,19.0,0.0,1.7,ATTA_LIT_2016_2_15_ALPN3,
ALPC3,ALP,C,2016-02-15,14,14.8,0.0,74.5,ATTA_LIT_2016_2_15_ALPC3,
REPN1,REP,N,2016-02-15,14,22.9,0.0,0.0,ATTA_LIT_2016_2_15_REPN1,
REPC1,REP,C,2016-02-15,14,18.2,26.2,0.0,ATTA_LIT_2016_2_15_REPC1,
REPN2,REP,N,2016-02-15,14,30.0,0.0,0.0,ATTA_LIT_2016_2_15_REPN2,
REPC2,REP,C,2016-02-15,14,15.4,0.0,0.0,ATTA_LIT_2016_2_15_REPC2,
REPN3,REP,N,2016-02-15,14,19.7,0.0,0.0,ATTA_LIT_2016_2_15_REPN3,
REPC3,REP,C,2016-02-15,14,30.0,0.0,0.0,ATTA_LIT_2016_2_15_REPC3,
RESN1,RES,N,2016-02-15,14,31.5,0.0,11.9,ATTA_LIT_2016_2_15_RESN1,
RESC1,RES,C,2016-02-15,14,23.1,0.0,1.4,ATTA_LIT_2016_2_15_RESC1,
RESN2,RES,N,2016-02-15,14,20.4,0.0,0.0,ATTA_LIT_2016_2_15_RESN2,
RESC2,RES,C,2016-02-15,14,20.4,0.0,0.0,ATTA_LIT_2016_2_15_RESC2,
RESN3,RES,N,2016-02-15,14,24.3,0.0,26.9,ATTA_LIT_2016_2_15_RESN3,
RESC3,RES,C,2016-02-15,14,18.2,0.0,0.0,ATTA_LIT_2016_2_15_RESC3,
ALPN1,ALP,N,2016-03-03,17,23.5,0.0,0.0,ATTA_LIT_2016_3_3_ALPN1,
ALPC1,ALP,C,2016-03-03,17,20.9,4.2,0.0,ATTA_LIT_2016_3_3_ALPC1,
ALPN2,ALP,N,2016-03-03,17,20.4,7.0,0.0,ATTA_LIT_2016_3_3_ALPN2,
ALPC2,ALP,C,2016-03-03,17,25.1,0.0,0.0,ATTA_LIT_2016_3_3_ALPC2,
ALPN3,ALP,N,2016-03-03,17,31.7,0.0,3.0,ATTA_LIT_2016_3_3_ALPN3,
ALPC3,ALP,C,2016-03-03,17,26.6,0.0,0.0,ATTA_LIT_2016_3_3_ALPC3,
REPN1,REP,N,2016-03-03,17,29.9,3.2,0.0,ATTA_LIT_2016_3_3_REPN1,
REPC1,REP,C,2016-03-03,17,20.4,4.7,0.0,ATTA_LIT_2016_3_3_REPC1,
REPN2,REP,N,2016-03-03,17,39.8,0.0,10.9,ATTA_LIT_2016_3_3_REPN2,
REPC2,REP,C,2016-03-03,17,16.4,0.0,0.0,ATTA_LIT_2016_3_3_REPC2,
REPN3,REP,N,2016-03-03,17,31.8,0.0,0.0,ATTA_LIT_2016_3_3_REPN3,
REPC3,REP,C,2016-03-03,17,37.4,6.7,0.0,ATTA_LIT_2016_3_3_REPC3,
RESN1,RES,N,2016-03-03,17,37.4,0.5,0.0,ATTA_LIT_2016_3_3_RESN1,
RESC1,RES,C,2016-03-03,17,37.4,0.0,0.0,ATTA_LIT_2016_3_3_RESC1,
RESN2,RES,N,2016-03-03,17,24.4,0.0,15.8,ATTA_LIT_2016_3_3_RESN2,
RESC2,RES,C,2016-03-03,17,18.7,0.0,0.0,ATTA_LIT_2016_3_3_RESC2,
RESN3,RES,N,2016-03-03,17,28.9,0.0,59.5,ATTA_LIT_2016_3_3_RESN3,
RESC3,RES,C,2016-03-03,17,25.5,0.0,0.0,ATTA_LIT_2016_3_3_RESC3,
ALPN1,ALP,N,2016-03-16,13,14.0,0.0,0.0,ATTA_LIT_2016_3_16_ALPN1,
ALPC1,ALP,C,2016-03-16,13,18.5,0.0,0.0,ATTA_LIT_2016_3_16_ALPC1,
ALPN2,ALP,N,2016-03-16,13,9.7,0.0,0.0,ATTA_LIT_2016_3_16_ALPN2,
ALPC2,ALP,C,2016-03-16,13,13.1,0.0,0.0,ATTA_LIT_2016_3_16_ALPC2,
ALPN3,ALP,N,2016-03-16,13,34.4,13.2,2.9,ATTA_LIT_2016_3_16_ALPN3,
ALPC3,ALP,C,2016-03-16,13,21.1,0.0,5.6,ATTA_LIT_2016_3_16_ALPC3,
REPN1,REP,N,2016-03-16,13,10.9,0.0,0.0,ATTA_LIT_2016_3_16_REPN1,
REPC1,REP,C,2016-03-16,13,22.6,0.0,0.0,ATTA_LIT_2016_3_16_REPC1,
REPN2,REP,N,2016-03-16,13,21.4,0.0,0.0,ATTA_LIT_2016_3_16_REPN2,
REPC2,REP,C,2016-03-16,13,8.4,0.0,0.0,ATTA_LIT_2016_3_16_REPC2,
REPN3,REP,N,2016-03-16,13,22.3,0.0,0.0,ATTA_LIT_2016_3_16_REPN3,
REPC3,REP,C,2016-03-16,13,17.5,0.0,0.0,ATTA_LIT_2016_3_16_REPC3,
RESN1,RES,N,2016-03-16,13,27.8,2.2,7.3,ATTA_LIT_2016_3_16_RESN1,
RESC1,RES,C,2016-03-16,13,24.4,0.0,0.0,ATTA_LIT_2016_3_16_RESC1,
RESN2,RES,N,2016-03-16,13,16.8,0.0,0.0,ATTA_LIT_2016_3_16_RESN2,
RESC2,RES,C,2016-03-16,13,13.4,0.0,0.0,ATTA_LIT_2016_3_16_RESC2,
RESN3,RES,N,2016-03-16,13,25.2,0.0,16.8,ATTA_LIT_2016_3_16_RESN3,
RESC3,RES,C,2016-03-16,13,19.3,0.0,0.0,ATTA_LIT_2016_3_16_RESC3,
ALPN1,ALP,N,2016-04-01,16,29.8,0.0,0.0,ATTA_LIT_2016_4_1_ALPN1,
ALPC1,ALP,C,2016-04-01,16,25.1,0.0,0.0,ATTA_LIT_2016_4_1_ALPC1,
ALPN2,ALP,N,2016-04-01,16,19.2,0.0,0.0,ATTA_LIT_2016_4_1_ALPN2,
ALPC2,ALP,C,2016-04-01,16,32.8,0.0,0.0,ATTA_LIT_2016_4_1_ALPC2,15.2 g from P macro seedpod
ALPN3,ALP,N,2016-04-01,16,28.9,0.0,0.0,ATTA_LIT_2016_4_1_ALPN3,
ALPC3,ALP,C,2016-04-01,16,36.4,0.0,0.0,ATTA_LIT_2016_4_1_ALPC3,
REPN1,REP,N,2016-04-01,16,29.1,0.0,0.0,ATTA_LIT_2016_4_1_REPN1,
REPC1,REP,C,2016-04-01,16,18.9,2.2,0.0,ATTA_LIT_2016_4_1_REPC1,
REPN2,REP,N,2016-04-01,16,42.8,0.0,5.1,ATTA_LIT_2016_4_1_REPN2,
REPC2,REP,C,2016-04-01,16,11.4,0.0,0.0,ATTA_LIT_2016_4_1_REPC2,
REPN3,REP,N,2016-04-01,16,33.7,0.0,0.0,ATTA_LIT_2016_4_1_REPN3,
REPC3,REP,C,2016-04-01,16,40.7,0.0,0.0,ATTA_LIT_2016_4_1_REPC3,
RESN1,RES,N,2016-04-01,16,40.6,0.0,0.0,ATTA_LIT_2016_4_1_RESN1,
RESC1,RES,C,2016-04-01,16,34.9,0.0,0.0,ATTA_LIT_2016_4_1_RESC1,
RESN2,RES,N,2016-04-01,16,16.3,0.0,4.7,ATTA_LIT_2016_4_1_RESN2,
RESC2,RES,C,2016-04-01,16,26.9,0.0,0.0,ATTA_LIT_2016_4_1_RESC2,
RESN3,RES,N,2016-04-01,16,22.4,0.0,0.0,ATTA_LIT_2016_4_1_RESN3,
RESC3,RES,C,2016-04-01,16,28.0,0.0,0.0,ATTA_LIT_2016_4_1_RESC3,
ALPN1,ALP,N,2016-04-15,14,17.6,0.0,0.0,ATTA_LIT_2016_4_15_ALPN1,
ALPC1,ALP,C,2016-04-15,14,17.9,0.6,0.0,ATTA_LIT_2016_4_15_ALPC1,
ALPN2,ALP,N,2016-04-15,14,17.0,0.0,0.0,ATTA_LIT_2016_4_15_ALPN2,
ALPC2,ALP,C,2016-04-15,14,25.8,0.0,0.0,ATTA_LIT_2016_4_15_ALPC2,
ALPN3,ALP,N,2016-04-15,14,20.6,0.0,1.2,ATTA_LIT_2016_4_15_ALPN3,
ALPC3,ALP,C,2016-04-15,14,25.3,0.0,6.3,ATTA_LIT_2016_4_15_ALPC3,
REPN1,REP,N,2016-04-15,14,20.6,0.0,3.0,ATTA_LIT_2016_4_15_REPN1,
REPC1,REP,C,2016-04-15,14,25.5,0.0,0.0,ATTA_LIT_2016_4_15_REPC1,
REPN2,REP,N,2016-04-15,14,37.0,0.0,0.0,ATTA_LIT_2016_4_15_REPN2,
REPC2,REP,C,2016-04-15,14,14.1,0.0,0.0,ATTA_LIT_2016_4_15_REPC2,
REPN3,REP,N,2016-04-15,14,34.0,0.0,0.0,ATTA_LIT_2016_4_15_REPN3,
REPC3,REP,C,2016-04-15,14,31.0,0.0,0.0,ATTA_LIT_2016_4_15_REPC3,
RESN1,RES,N,2016-04-15,14,45.3,0.0,0.0,ATTA_LIT_2016_4_15_RESN1,
RESC1,RES,C,2016-04-15,14,36.9,0.0,0.0,ATTA_LIT_2016_4_15_RESC1,
RESN2,RES,N,2016-04-15,14,24.7,0.0,0.0,ATTA_LIT_2016_4_15_RESN2,
RESC2,RES,C,2016-04-15,14,34.3,0.0,0.0,ATTA_LIT_2016_4_15_RESC2,
RESN3,RES,N,2016-04-15,14,23.4,0.4,0.0,ATTA_LIT_2016_4_15_RESN3,
RESC3,RES,C,2016-04-15,14,18.3,0.0,0.0,ATTA_LIT_2016_4_15_RESC3,
ALPN1,ALP,N,2016-05-01,16,29.1,0.0,0.0,ATTA_LIT_2016_5_1_ALPN1,
ALPC1,ALP,C,2016-05-01,16,17.0,0.0,0.0,ATTA_LIT_2016_5_1_ALPC1,
ALPN2,ALP,N,2016-05-01,16,37.7,0.0,0.0,ATTA_LIT_2016_5_1_ALPN2,single Dussia fruit 12.7g
ALPC2,ALP,C,2016-05-01,16,25.6,0.0,0.0,ATTA_LIT_2016_5_1_ALPC2,
ALPN3,ALP,N,2016-05-01,16,17.6,11.3,0.0,ATTA_LIT_2016_5_1_ALPN3,
ALPC3,ALP,C,2016-05-01,16,18.7,0.0,0.0,ATTA_LIT_2016_5_1_ALPC3,
REPN1,REP,N,2016-05-01,16,28.8,0.0,11.0,ATTA_LIT_2016_5_1_REPN1,
REPC1,REP,C,2016-05-01,16,32.8,0.0,0.0,ATTA_LIT_2016_5_1_REPC1,
REPN2,REP,N,2016-05-01,16,52.7,0.0,0.0,ATTA_LIT_2016_5_1_REPN2,
REPC2,REP,C,2016-05-01,16,22.0,0.0,0.0,ATTA_LIT_2016_5_1_REPC2,
REPN3,REP,N,2016-05-01,16,39.6,0.0,0.0,ATTA_LIT_2016_5_1_REPN3,
REPC3,REP,C,2016-05-01,16,31.8,0.0,0.0,ATTA_LIT_2016_5_1_REPC3,
RESN1,RES,N,2016-05-01,16,38.8,3.1,0.0,ATTA_LIT_2016_5_1_RESN1,
RESC1,RES,C,2016-05-01,16,14.2,0.0,0.0,ATTA_LIT_2016_5_1_RESC1,
RESN2,RES,N,2016-05-01,16,35.0,0.0,0.0,ATTA_LIT_2016_5_1_RESN2,
RESC2,RES,C,2016-05-01,16,27.8,0.0,2.8,ATTA_LIT_2016_5_1_RESC2,
RESN3,RES,N,2016-05-01,16,38.0,0.0,6.3,ATTA_LIT_2016_5_1_RESN3,
RESC3,RES,C,2016-05-01,16,22.8,20.2,0.0,ATTA_LIT_2016_5_1_RESC3,CWD palm leaf (separate sample)
ALPN1,ALP,N,2016-05-15,14,23.7,0.0,0.0,ATTA_LIT_2016_5_15_ALPN1,
ALPC1,ALP,C,2016-05-15,14,16.7,0.0,0.0,ATTA_LIT_2016_5_15_ALPC1,
ALPN2,ALP,N,2016-05-15,14,26.7,0.0,0.0,ATTA_LIT_2016_5_15_ALPN2,
ALPC2,ALP,C,2016-05-15,14,20.1,8.1,0.0,ATTA_LIT_2016_5_15_ALPC2,
ALPN3,ALP,N,2016-05-15,14,12.2,0.0,0.0,ATTA_LIT_2016_5_15_ALPN3,
ALPC3,ALP,C,2016-05-15,14,16.6,0.0,0.0,ATTA_LIT_2016_5_15_ALPC3,
REPN1,REP,N,2016-05-15,14,36.2,0.0,0.0,ATTA_LIT_2016_5_15_REPN1,
REPC1,REP,C,2016-05-15,14,19.4,0.0,0.0,ATTA_LIT_2016_5_15_REPC1,
REPN2,REP,N,2016-05-15,14,54.2,0.0,0.0,ATTA_LIT_2016_5_15_REPN2,
REPC2,REP,C,2016-05-15,14,16.9,0.0,0.0,ATTA_LIT_2016_5_15_REPC2,
REPN3,REP,N,2016-05-15,14,38.5,0.0,0.0,ATTA_LIT_2016_5_15_REPN3,
REPC3,REP,C,2016-05-15,14,56.8,0.0,0.0,ATTA_LIT_2016_5_15_REPC3,
RESN1,RES,N,2016-05-15,14,62.0,0.0,0.0,ATTA_LIT_2016_5_15_RESN1,
RESC1,RES,C,2016-05-15,14,18.3,0.0,0.0,ATTA_LIT_2016_5_15_RESC1,
RESN2,RES,N,2016-05-15,14,34.3,0.0,0.0,ATTA_LIT_2016_5_15_RESN2,
RESC2,RES,C,2016-05-15,14,37.8,0.0,0.0,ATTA_LIT_2016_5_15_RESC2,
RESN3,RES,N,2016-05-15,14,29.9,0.0,341.7,ATTA_LIT_2016_5_15_RESN3,
RESC3,RES,C,2016-05-15,14,50.8,0.0,65.4,ATTA_LIT_2016_5_15_RESC3,
ALPN1,ALP,N,2016-06-01,17,34.9,2.9,0.0,ATTA_LIT_2016_6_1_ALPN1,
ALPC1,ALP,C,2016-06-01,17,13.8,0.0,11.3,ATTA_LIT_2016_6_1_ALPC1,
ALPN2,ALP,N,2016-06-01,17,36.7,0.0,0.0,ATTA_LIT_2016_6_1_ALPN2,14.0g from P macro pod
ALPC2,ALP,C,2016-06-01,17,18.7,1.7,0.0,ATTA_LIT_2016_6_1_ALPC2,
ALPN3,ALP,N,2016-06-01,17,45.7,0.0,0.0,ATTA_LIT_2016_6_1_ALPN3,
ALPC3,ALP,C,2016-06-01,17,13.1,0.0,0.0,ATTA_LIT_2016_6_1_ALPC3,
REPN1,REP,N,2016-06-01,17,23.5,0.0,0.0,ATTA_LIT_2016_6_1_REPN1,
REPC1,REP,C,2016-06-01,17,30.0,0.0,0.0,ATTA_LIT_2016_6_1_REPC1,
REPN2,REP,N,2016-06-01,17,48.8,0.0,0.0,ATTA_LIT_2016_6_1_REPN2,
REPC2,REP,C,2016-06-01,17,28.2,0.0,0.0,ATTA_LIT_2016_6_1_REPC2,
REPN3,REP,N,2016-06-01,17,18.9,1.9,0.0,ATTA_LIT_2016_6_1_REPN3,
REPC3,REP,C,2016-06-01,17,42.4,0.0,0.0,ATTA_LIT_2016_6_1_REPC3,
RESN1,RES,N,2016-06-01,17,45.6,2.4,0.0,ATTA_LIT_2016_6_1_RESN1,
RESC1,RES,C,2016-06-01,17,22.1,0.0,0.0,ATTA_LIT_2016_6_1_RESC1,
RESN2,RES,N,2016-06-01,17,24.8,0.0,17.4,ATTA_LIT_2016_6_1_RESN2,
RESC2,RES,C,2016-06-01,17,21.9,0.0,0.0,ATTA_LIT_2016_6_1_RESC2,
RESN3,RES,N,2016-06-01,17,19.6,0.0,0.0,ATTA_LIT_2016_6_1_RESN3,
RESC3,RES,C,2016-06-01,17,29.7,0.0,70.8,ATTA_LIT_2016_6_1_RESC3,
ALPN1,ALP,N,2016-06-14,13,18.5,0.0,0.0,ATTA_LIT_2016_6_14_ALPN1,
ALPC1,ALP,C,2016-06-14,13,14.2,0.0,0.0,ATTA_LIT_2016_6_14_ALPC1,
ALPN2,ALP,N,2016-06-14,13,33.4,0.0,0.0,ATTA_LIT_2016_6_14_ALPN2,
ALPC2,ALP,C,2016-06-14,13,11.2,1.8,0.0,ATTA_LIT_2016_6_14_ALPC2,
ALPN3,ALP,N,2016-06-14,13,17.2,0.0,0.0,ATTA_LIT_2016_6_14_ALPN3,
ALPC3,ALP,C,2016-06-14,13,8.1,1.2,16.6,ATTA_LIT_2016_6_14_ALPC3,
REPN1,REP,N,2016-06-14,13,14.2,15.1,0.0,ATTA_LIT_2016_6_14_REPN1,
REPC1,REP,C,2016-06-14,13,36.8,0.9,7.8,ATTA_LIT_2016_6_14_REPC1,
REPN2,REP,N,2016-06-14,13,32.2,0.0,3.7,ATTA_LIT_2016_6_14_REPN2,
REPC2,REP,C,2016-06-14,13,3.3,1.8,0.0,ATTA_LIT_2016_6_14_REPC2,
REPN3,REP,N,2016-06-14,13,19.6,0.0,0.0,ATTA_LIT_2016_6_14_REPN3,
REPC3,REP,C,2016-06-14,13,22.4,0.0,0.0,ATTA_LIT_2016_6_14_REPC3,
RESN1,RES,N,2016-06-14,13,17.7,0.0,0.0,ATTA_LIT_2016_6_14_RESN1,
RESC1,RES,C,2016-06-14,13,9.2,4.4,0.0,ATTA_LIT_2016_6_14_RESC1,
RESN2,RES,N,2016-06-14,13,13.6,0.0,0.0,ATTA_LIT_2016_6_14_RESN2,
RESC2,RES,C,2016-06-14,13,10.7,0.0,0.0,ATTA_LIT_2016_6_14_RESC2,
RESN3,RES,N,2016-06-14,13,23.3,1.5,0.0,ATTA_LIT_2016_6_14_RESN3,
RESC3,RES,C,2016-06-14,13,16.3,0.0,0.0,ATTA_LIT_2016_6_14_RESC3,
ALPN1,ALP,N,2016-07-01,17,22.4,6.2,0.0,ATTA_LIT_2016_7_1_ALPN1,
ALPC1,ALP,C,2016-07-01,17,11.4,0.0,0.0,ATTA_LIT_2016_7_1_ALPC1,
ALPN2,ALP,N,2016-07-01,17,40.5,0.0,0.0,ATTA_LIT_2016_7_1_ALPN2,
ALPC2,ALP,C,2016-07-01,17,34.3,3.1,0.0,ATTA_LIT_2016_7_1_ALPC2,9.7g from bromeliad
ALPN3,ALP,N,2016-07-01,17,24.2,0.0,0.0,ATTA_LIT_2016_7_1_ALPN3,
ALPC3,ALP,C,2016-07-01,17,6.6,0.0,0.0,ATTA_LIT_2016_7_1_ALPC3,
REPN1,REP,N,2016-07-01,17,19.3,0.0,0.0,ATTA_LIT_2016_7_1_REPN1,
REPC1,REP,C,2016-07-01,17,47.1,0.3,0.0,ATTA_LIT_2016_7_1_REPC1,
REPN2,REP,N,2016-07-01,17,28.4,0.0,303.3,ATTA_LIT_2016_7_1_REPN2,
REPC2,REP,C,2016-07-01,17,7.8,0.0,0.0,ATTA_LIT_2016_7_1_REPC2,
REPN3,REP,N,2016-07-01,17,24.2,0.0,0.0,ATTA_LIT_2016_7_1_REPN3,
REPC3,REP,C,2016-07-01,17,30.3,0.0,0.0,ATTA_LIT_2016_7_1_REPC3,
RESN1,RES,N,2016-07-01,17,28.8,0.0,0.0,ATTA_LIT_2016_7_1_RESN1,
RESC1,RES,C,2016-07-01,17,19.6,0.0,0.0,ATTA_LIT_2016_7_1_RESC1,
RESN2,RES,N,2016-07-01,17,28.1,0.0,0.0,ATTA_LIT_2016_7_1_RESN2,
RESC2,RES,C,2016-07-01,17,40.3,0.0,63.3,ATTA_LIT_2016_7_1_RESC2,16.9g from P macro seedpod
RESN3,RES,N,2016-07-01,17,45.8,0.0,0.0,ATTA_LIT_2016_7_1_RESN3,
RESC3,RES,C,2016-07-01,17,22.9,0.0,15.3,ATTA_LIT_2016_7_1_RESC3,
ALPN1,ALP,N,2016-07-16,15,23.5,0.0,0.0,ATTA_LIT_2016_7_16_ALPN1,
ALPC1,ALP,C,2016-07-16,15,13.1,0.0,0.0,ATTA_LIT_2016_7_16_ALPC1,
ALPN2,ALP,N,2016-07-16,15,84.1,0.0,0.0,ATTA_LIT_2016_7_16_ALPN2,
ALPC2,ALP,C,2016-07-16,15,16.2,0.0,0.0,ATTA_LIT_2016_7_16_ALPC2,
ALPN3,ALP,N,2016-07-16,15,15.6,0.0,18.0,ATTA_LIT_2016_7_16_ALPN3,
ALPC3,ALP,C,2016-07-16,15,6.6,0.0,0.0,ATTA_LIT_2016_7_16_ALPC3,
REPN1,REP,N,2016-07-16,15,37.3,0.0,0.0,ATTA_LIT_2016_7_16_REPN1,20.3g from P macro seedpod
REPC1,REP,C,2016-07-16,15,33.0,0.0,0.0,ATTA_LIT_2016_7_16_REPC1,
REPN2,REP,N,2016-07-16,15,34.6,0.0,0.0,ATTA_LIT_2016_7_16_REPN2,
REPC2,REP,C,2016-07-16,15,51.4,0.0,0.0,ATTA_LIT_2016_7_16_REPC2,litter mainly small branches from treefall
REPN3,REP,N,2016-07-16,15,19.2,0.0,0.0,ATTA_LIT_2016_7_16_REPN3,
REPC3,REP,C,2016-07-16,15,63.8,0.0,0.0,ATTA_LIT_2016_7_16_REPC3,
RESN1,RES,N,2016-07-16,15,20.5,0.0,0.0,ATTA_LIT_2016_7_16_RESN1,
RESC1,RES,C,2016-07-16,15,17.3,0.0,0.0,ATTA_LIT_2016_7_16_RESC1,
RESN2,RES,N,2016-07-16,15,25.0,0.0,2.2,ATTA_LIT_2016_7_16_RESN2,
RESC2,RES,C,2016-07-16,15,25.9,0.0,0.0,ATTA_LIT_2016_7_16_RESC2,
RESN3,RES,N,2016-07-16,15,26.2,0.0,34.1,ATTA_LIT_2016_7_16_RESN3,
RESC3,RES,C,2016-07-16,15,16.3,0.0,18.4,ATTA_LIT_2016_7_16_RESC3,
ALPN1,ALP,N,2016-08-01,16,17.4,0.0,0.0,ATTA_LIT_2016_8_1_ALPN1,
ALPC1,ALP,C,2016-08-01,16,23.2,2.3,0.0,ATTA_LIT_2016_8_1_ALPC1,
ALPN2,ALP,N,2016-08-01,16,21.9,0.0,0.0,ATTA_LIT_2016_8_1_ALPN2,
ALPC2,ALP,C,2016-08-01,16,16.6,5.3,0.0,ATTA_LIT_2016_8_1_ALPC2,
ALPN3,ALP,N,2016-08-01,16,24.3,0.0,0.0,ATTA_LIT_2016_8_1_ALPN3,
ALPC3,ALP,C,2016-08-01,16,4.6,0.0,0.0,ATTA_LIT_2016_8_1_ALPC3,
REPN1,REP,N,2016-08-01,16,17.7,0.0,0.0,ATTA_LIT_2016_8_1_REPN1,
REPC1,REP,C,2016-08-01,16,36.3,0.0,2.5,ATTA_LIT_2016_8_1_REPC1,
REPN2,REP,N,2016-08-01,16,43.7,0.0,0.0,ATTA_LIT_2016_8_1_REPN2,
REPC2,REP,C,2016-08-01,16,15.7,0.0,0.0,ATTA_LIT_2016_8_1_REPC2,
REPN3,REP,N,2016-08-01,16,18.5,0.0,0.0,ATTA_LIT_2016_8_1_REPN3,
REPC3,REP,C,2016-08-01,16,42.3,0.0,0.0,ATTA_LIT_2016_8_1_REPC3,
RESN1,RES,N,2016-08-01,16,22.2,0.0,0.0,ATTA_LIT_2016_8_1_RESN1,
RESC1,RES,C,2016-08-01,16,10.8,0.0,0.0,ATTA_LIT_2016_8_1_RESC1,
RESN2,RES,N,2016-08-01,16,19.6,0.0,0.0,ATTA_LIT_2016_8_1_RESN2,
RESC2,RES,C,2016-08-01,16,22.3,0.0,0.0,ATTA_LIT_2016_8_1_RESC2,
RESN3,RES,N,2016-08-01,16,38.5,0.0,20.3,ATTA_LIT_2016_8_1_RESN3,
RESC3,RES,C,2016-08-01,16,22.2,0.0,0.0,ATTA_LIT_2016_8_1_RESC3,
ALPN1,ALP,N,2016-08-15,14,33.5,0.0,0.0,ATTA_LIT_2016_8_15_ALPN1,
ALPC1,ALP,C,2016-08-15,14,22.3,0.0,0.0,ATTA_LIT_2016_8_15_ALPC1,
ALPN2,ALP,N,2016-08-15,14,11.8,7.4,2.2,ATTA_LIT_2016_8_15_ALPN2,
ALPC2,ALP,C,2016-08-15,14,21.1,0.0,0.0,ATTA_LIT_2016_8_15_ALPC2,
ALPN3,ALP,N,2016-08-15,14,10.9,0.0,0.0,ATTA_LIT_2016_8_15_ALPN3,
ALPC3,ALP,C,2016-08-15,14,5.2,1.2,0.0,ATTA_LIT_2016_8_15_ALPC3,
REPN1,REP,N,2016-08-15,14,20.2,0.0,0.0,ATTA_LIT_2016_8_15_REPN1,
REPC1,REP,C,2016-08-15,14,23.4,0.0,0.0,ATTA_LIT_2016_8_15_REPC1,
REPN2,REP,N,2016-08-15,14,50.5,0.0,30.3,ATTA_LIT_2016_8_15_REPN2,
REPC2,REP,C,2016-08-15,14,71.6,0.0,0.0,ATTA_LIT_2016_8_15_REPC2,
REPN3,REP,N,2016-08-15,14,21.9,0.0,3.0,ATTA_LIT_2016_8_15_REPN3,
REPC3,REP,C,2016-08-15,14,33.9,0.0,0.0,ATTA_LIT_2016_8_15_REPC3,
RESN1,RES,N,2016-08-15,14,25.4,1.0,7.3,ATTA_LIT_2016_8_15_RESN1,
RESC1,RES,C,2016-08-15,14,25.8,0.0,0.0,ATTA_LIT_2016_8_15_RESC1,
RESN2,RES,N,2016-08-15,14,20.9,0.0,0.0,ATTA_LIT_2016_8_15_RESN2,
RESC2,RES,C,2016-08-15,14,15.0,0.0,0.0,ATTA_LIT_2016_8_15_RESC2,
RESN3,RES,N,2016-08-15,14,27.7,0.0,3.9,ATTA_LIT_2016_8_15_RESN3,
RESC3,RES,C,2016-08-15,14,17.1,0.0,4.9,ATTA_LIT_2016_8_15_RESC3,
ALPN1,ALP,N,2016-09-01,17,30.8,0.0,0.0,ATTA_LIT_2016_9_1_ALPN1,
ALPC1,ALP,C,2016-09-01,17,18.0,0.0,0.0,ATTA_LIT_2016_9_1_ALPC1,
ALPN2,ALP,N,2016-09-01,17,10.5,0.0,0.0,ATTA_LIT_2016_9_1_ALPN2,
ALPC2,ALP,C,2016-09-01,17,34.3,0.0,0.0,ATTA_LIT_2016_9_1_ALPC2,
ALPN3,ALP,N,2016-09-01,17,22.3,0.0,0.0,ATTA_LIT_2016_9_1_ALPN3,
ALPC3,ALP,C,2016-09-01,17,11.7,0.0,0.0,ATTA_LIT_2016_9_1_ALPC3,
REPN1,REP,N,2016-09-01,17,30.3,0.0,0.0,ATTA_LIT_2016_9_1_REPN1,
REPC1,REP,C,2016-09-01,17,25.5,0.0,0.0,ATTA_LIT_2016_9_1_REPC1,
REPN2,REP,N,2016-09-01,17,43.5,0.0,3.6,ATTA_LIT_2016_9_1_REPN2,
REPC2,REP,C,2016-09-01,17,11.7,0.0,0.0,ATTA_LIT_2016_9_1_REPC2,
REPN3,REP,N,2016-09-01,17,23.1,0.0,0.0,ATTA_LIT_2016_9_1_REPN3,
REPC3,REP,C,2016-09-01,17,42.2,0.0,0.0,ATTA_LIT_2016_9_1_REPC3,
RESN1,RES,N,2016-09-01,17,28.0,0.0,0.0,ATTA_LIT_2016_9_1_RESN1,
RESC1,RES,C,2016-09-01,17,33.0,0.0,0.0,ATTA_LIT_2016_9_1_RESC1,
RESN2,RES,N,2016-09-01,17,27.5,0.0,4.1,ATTA_LIT_2016_9_1_RESN2,
RESC2,RES,C,2016-09-01,17,17.2,0.0,3.7,ATTA_LIT_2016_9_1_RESC2,
RESN3,RES,N,2016-09-01,17,27.7,0.0,2.1,ATTA_LIT_2016_9_1_RESN3,
RESC3,RES,C,2016-09-01,17,21.9,0.0,15.5,ATTA_LIT_2016_9_1_RESC3,
ALPN1,ALP,N,2016-09-15,14,28.3,0.0,0.0,ATTA_LIT_2016_9_15_ALPN1,
ALPC1,ALP,C,2016-09-15,14,20.7,0.0,0.0,ATTA_LIT_2016_9_15_ALPC1,
ALPN2,ALP,N,2016-09-15,14,12.5,0.0,0.0,ATTA_LIT_2016_9_15_ALPN2,
ALPC2,ALP,C,2016-09-15,14,31.1,6.8,0.0,ATTA_LIT_2016_9_15_ALPC2,
ALPN3,ALP,N,2016-09-15,14,19.3,0.0,11.3,ATTA_LIT_2016_9_15_ALPN3,
ALPC3,ALP,C,2016-09-15,14,13.9,0.0,0.0,ATTA_LIT_2016_9_15_ALPC3,
REPN1,REP,N,2016-09-15,14,29.1,0.6,0.0,ATTA_LIT_2016_9_15_REPN1,
REPC1,REP,C,2016-09-15,14,24.3,0.0,0.0,ATTA_LIT_2016_9_15_REPC1,
REPN2,REP,N,2016-09-15,14,34.9,0.0,0.0,ATTA_LIT_2016_9_15_REPN2,
REPC2,REP,C,2016-09-15,14,13.0,38.2,0.0,ATTA_LIT_2016_9_15_REPC2,palm leaf in CWD (separate sample)
REPN3,REP,N,2016-09-15,14,26.4,0.0,0.0,ATTA_LIT_2016_9_15_REPN3,
REPC3,REP,C,2016-09-15,14,14.5,5.9,0.0,ATTA_LIT_2016_9_15_REPC3,
RESN1,RES,N,2016-09-15,14,36.3,0.0,25.3,ATTA_LIT_2016_9_15_RESN1,
RESC1,RES,C,2016-09-15,14,31.8,0.0,0.0,ATTA_LIT_2016_9_15_RESC1,
RESN2,RES,N,2016-09-15,14,39.5,0.0,324.7,ATTA_LIT_2016_9_15_RESN2,
RESC2,RES,C,2016-09-15,14,29.4,0.0,0.0,ATTA_LIT_2016_9_15_RESC2,
RESN3,RES,N,2016-09-15,14,47.6,1.4,9.7,ATTA_LIT_2016_9_15_RESN3,
RESC3,RES,C,2016-09-15,14,53.3,0.0,0.0,ATTA_LIT_2016_9_15_RESC3,
ALPN1,ALP,N,2016-10-01,16,43.6,0.0,0.0,ATTA_LIT_2016_10_1_ALPN1,
ALPC1,ALP,C,2016-10-01,16,14.2,0.0,0.0,ATTA_LIT_2016_10_1_ALPC1,
ALPN2,ALP,N,2016-10-01,16,27.6,0.0,512.0,ATTA_LIT_2016_10_1_ALPN2,
ALPC2,ALP,C,2016-10-01,16,30.9,0.0,0.0,ATTA_LIT_2016_10_1_ALPC2,
ALPN3,ALP,N,2016-10-01,16,32.0,0.0,3.2,ATTA_LIT_2016_10_1_ALPN3,
ALPC3,ALP,C,2016-10-01,16,22.1,2.8,17.2,ATTA_LIT_2016_10_1_ALPC3,
REPN1,REP,N,2016-10-01,16,26.0,0.0,0.0,ATTA_LIT_2016_10_1_REPN1,
REPC1,REP,C,2016-10-01,16,37.5,0.0,8.7,ATTA_LIT_2016_10_1_REPC1,
REPN2,REP,N,2016-10-01,16,49.3,0.0,7.1,ATTA_LIT_2016_10_1_REPN2,
REPC2,REP,C,2016-10-01,16,17.6,0.0,0.0,ATTA_LIT_2016_10_1_REPC2,
REPN3,REP,N,2016-10-01,16,34.7,0.0,0.0,ATTA_LIT_2016_10_1_REPN3,
REPC3,REP,C,2016-10-01,16,57.0,0.0,0.0,ATTA_LIT_2016_10_1_REPC3,
RESN1,RES,N,2016-10-01,16,31.6,0.0,0.0,ATTA_LIT_2016_10_1_RESN1,
RESC1,RES,C,2016-10-01,16,25.1,0.0,0.0,ATTA_LIT_2016_10_1_RESC1,
RESN2,RES,N,2016-10-01,16,29.9,0.0,0.0,ATTA_LIT_2016_10_1_RESN2,
RESC2,RES,C,2016-10-01,16,31.4,0.0,0.0,ATTA_LIT_2016_10_1_RESC2,
RESN3,RES,N,2016-10-01,16,66.4,0.0,0.0,ATTA_LIT_2016_10_1_RESN3,
RESC3,RES,C,2016-10-01,16,18.8,0.0,0.0,ATTA_LIT_2016_10_1_RESC3,
ALPN1,ALP,N,2016-10-16,15,16.8,0.0,0.0,ATTA_LIT_2016_10_16_ALPN1,
ALPC1,ALP,C,2016-10-16,15,9.7,0.0,0.0,ATTA_LIT_2016_10_16_ALPC1,
ALPN2,ALP,N,2016-10-16,15,33.8,0.0,2.5,ATTA_LIT_2016_10_16_ALPN2,Dusia flowers
ALPC2,ALP,C,2016-10-16,15,14.3,0.0,0.0,ATTA_LIT_2016_10_16_ALPC2,
ALPN3,ALP,N,2016-10-16,15,12.7,0.0,19.0,ATTA_LIT_2016_10_16_ALPN3,
ALPC3,ALP,C,2016-10-16,15,11.8,0.0,0.0,ATTA_LIT_2016_10_16_ALPC3,
REPN1,REP,N,2016-10-16,15,10.7,0.0,0.0,ATTA_LIT_2016_10_16_REPN1,
REPC1,REP,C,2016-10-16,15,22.5,0.0,1.4,ATTA_LIT_2016_10_16_REPC1,
REPN2,REP,N,2016-10-16,15,25.2,0.0,0.0,ATTA_LIT_2016_10_16_REPN2,
REPC2,REP,C,2016-10-16,15,29.1,0.0,0.0,ATTA_LIT_2016_10_16_REPC2,Fine Litter has much fine branches
REPN3,REP,N,2016-10-16,15,20.9,0.0,0.0,ATTA_LIT_2016_10_16_REPN3,
REPC3,REP,C,2016-10-16,15,40.4,0.7,0.0,ATTA_LIT_2016_10_16_REPC3,
RESN1,RES,N,2016-10-16,15,34.9,2.3,52.7,ATTA_LIT_2016_10_16_RESN1,
RESC1,RES,C,2016-10-16,15,17.3,0.0,0.0,ATTA_LIT_2016_10_16_RESC1,
RESN2,RES,N,2016-10-16,15,15.7,0.0,16.1,ATTA_LIT_2016_10_16_RESN2,
RESC2,RES,C,2016-10-16,15,10.0,0.0,0.0,ATTA_LIT_2016_10_16_RESC2,
RESN3,RES,N,2016-10-16,15,25.9,0.0,0.0,ATTA_LIT_2016_10_16_RESN3,
RESC3,RES,C,2016-10-16,15,12.4,0.0,0.0,ATTA_LIT_2016_10_16_RESC3,
ALPN1,ALP,N,2016-11-01,16,24.5,0.8,0.0,ATTA_LIT_2016_11_1_ALPN1,
ALPC1,ALP,C,2016-11-01,16,6.4,0.0,0.0,ATTA_LIT_2016_11_1_ALPC1,
ALPN2,ALP,N,2016-11-01,16,33.1,0.0,0.0,ATTA_LIT_2016_11_1_ALPN2,
ALPC2,ALP,C,2016-11-01,16,17.2,0.0,0.0,ATTA_LIT_2016_11_1_ALPC2,
ALPN3,ALP,N,2016-11-01,16,16.6,0.0,6.1,ATTA_LIT_2016_11_1_ALPN3,
ALPC3,ALP,C,2016-11-01,16,19.5,0.0,0.0,ATTA_LIT_2016_11_1_ALPC3,
REPN1,REP,N,2016-11-01,16,17.7,0.0,0.0,ATTA_LIT_2016_11_1_REPN1,
REPC1,REP,C,2016-11-01,16,20.1,0.0,0.0,ATTA_LIT_2016_11_1_REPC1,
REPN2,REP,N,2016-11-01,16,15.1,0.0,0.0,ATTA_LIT_2016_11_1_REPN2,
REPC2,REP,C,2016-11-01,16,9.0,0.0,0.0,ATTA_LIT_2016_11_1_REPC2,
REPN3,REP,N,2016-11-01,16,33.7,0.0,0.0,ATTA_LIT_2016_11_1_REPN3,
REPC3,REP,C,2016-11-01,16,52.6,0.0,5.4,ATTA_LIT_2016_11_1_REPC3,
RESN1,RES,N,2016-11-01,16,22.9,0.0,0.0,ATTA_LIT_2016_11_1_RESN1,
RESC1,RES,C,2016-11-01,16,14.3,0.0,0.0,ATTA_LIT_2016_11_1_RESC1,
RESN2,RES,N,2016-11-01,16,18.7,0.0,0.0,ATTA_LIT_2016_11_1_RESN2,
RESC2,RES,C,2016-11-01,16,13.1,0.0,0.0,ATTA_LIT_2016_11_1_RESC2,
RESN3,RES,N,2016-11-01,16,12.8,0.0,0.0,ATTA_LIT_2016_11_1_RESN3,
RESC3,RES,C,2016-11-01,16,10.0,0.0,0.0,ATTA_LIT_2016_11_1_RESC3,
ALPN1,ALP,N,2016-11-15,14,NA,NA,NA,ATTA_LIT_2016_11_15_ALPN1,No litter collection
ALPC1,ALP,C,2016-11-15,14,NA,NA,NA,ATTA_LIT_2016_11_15_ALPC1,No litter collection
ALPN2,ALP,N,2016-11-15,14,NA,NA,NA,ATTA_LIT_2016_11_15_ALPN2,No litter collection
ALPC2,ALP,C,2016-11-15,14,NA,NA,NA,ATTA_LIT_2016_11_15_ALPC2,No litter collection
ALPN3,ALP,N,2016-11-15,14,NA,NA,NA,ATTA_LIT_2016_11_15_ALPN3,No litter collection
ALPC3,ALP,C,2016-11-15,14,NA,NA,NA,ATTA_LIT_2016_11_15_ALPC3,No litter collection
REPN1,REP,N,2016-11-15,14,NA,NA,NA,ATTA_LIT_2016_11_15_REPN1,No litter collection
REPC1,REP,C,2016-11-15,14,NA,NA,NA,ATTA_LIT_2016_11_15_REPC1,No litter collection
REPN2,REP,N,2016-11-15,14,NA,NA,NA,ATTA_LIT_2016_11_15_REPN2,No litter collection
REPC2,REP,C,2016-11-15,14,NA,NA,NA,ATTA_LIT_2016_11_15_REPC2,No litter collection
REPN3,REP,N,2016-11-15,14,NA,NA,NA,ATTA_LIT_2016_11_15_REPN3,No litter collection
REPC3,REP,C,2016-11-15,14,NA,NA,NA,ATTA_LIT_2016_11_15_REPC3,No litter collection
RESN1,RES,N,2016-11-15,14,NA,NA,NA,ATTA_LIT_2016_11_15_RESN1,No litter collection
RESC1,RES,C,2016-11-15,14,NA,NA,NA,ATTA_LIT_2016_11_15_RESC1,No litter collection
RESN2,RES,N,2016-11-15,14,NA,NA,NA,ATTA_LIT_2016_11_15_RESN2,No litter collection
RESC2,RES,C,2016-11-15,14,NA,NA,NA,ATTA_LIT_2016_11_15_RESC2,No litter collection
RESN3,RES,N,2016-11-15,14,NA,NA,NA,ATTA_LIT_2016_11_15_RESN3,No litter collection
RESC3,RES,C,2016-11-15,14,NA,NA,NA,ATTA_LIT_2016_11_15_RESC3,No litter collection
ALPN1,ALP,N,2016-12-01,16,NA,NA,NA,ATTA_LIT_2016_12_1_ALPN1,No litter collection
ALPC1,ALP,C,2016-12-01,16,NA,NA,NA,ATTA_LIT_2016_12_1_ALPC1,No litter collection
ALPN2,ALP,N,2016-12-01,16,NA,NA,NA,ATTA_LIT_2016_12_1_ALPN2,No litter collection
ALPC2,ALP,C,2016-12-01,16,NA,NA,NA,ATTA_LIT_2016_12_1_ALPC2,No litter collection
ALPN3,ALP,N,2016-12-01,16,NA,NA,NA,ATTA_LIT_2016_12_1_ALPN3,No litter collection
ALPC3,ALP,C,2016-12-01,16,NA,NA,NA,ATTA_LIT_2016_12_1_ALPC3,No litter collection
REPN1,REP,N,2016-12-01,16,NA,NA,NA,ATTA_LIT_2016_12_1_REPN1,No litter collection
REPC1,REP,C,2016-12-01,16,NA,NA,NA,ATTA_LIT_2016_12_1_REPC1,No litter collection
REPN2,REP,N,2016-12-01,16,NA,NA,NA,ATTA_LIT_2016_12_1_REPN2,No litter collection
REPC2,REP,C,2016-12-01,16,NA,NA,NA,ATTA_LIT_2016_12_1_REPC2,No litter collection
REPN3,REP,N,2016-12-01,16,NA,NA,NA,ATTA_LIT_2016_12_1_REPN3,No litter collection
REPC3,REP,C,2016-12-01,16,NA,NA,NA,ATTA_LIT_2016_12_1_REPC3,No litter collection
RESN1,RES,N,2016-12-01,16,NA,NA,NA,ATTA_LIT_2016_12_1_RESN1,No litter collection
RESC1,RES,C,2016-12-01,16,NA,NA,NA,ATTA_LIT_2016_12_1_RESC1,No litter collection
RESN2,RES,N,2016-12-01,16,NA,NA,NA,ATTA_LIT_2016_12_1_RESN2,No litter collection
RESC2,RES,C,2016-12-01,16,NA,NA,NA,ATTA_LIT_2016_12_1_RESC2,No litter collection
RESN3,RES,N,2016-12-01,16,NA,NA,NA,ATTA_LIT_2016_12_1_RESN3,No litter collection
RESC3,RES,C,2016-12-01,16,NA,NA,NA,ATTA_LIT_2016_12_1_RESC3,No litter collection
ALPN1,ALP,N,2016-12-15,14,NA,NA,NA,ATTA_LIT_2016_12_15_ALPN1,"No litter collection, traps emptied for next collection"
ALPC1,ALP,C,2016-12-15,14,NA,NA,NA,ATTA_LIT_2016_12_15_ALPC1,"No litter collection, traps emptied for next collection"
ALPN2,ALP,N,2016-12-15,14,NA,NA,NA,ATTA_LIT_2016_12_15_ALPN2,"No litter collection, traps emptied for next collection"
ALPC2,ALP,C,2016-12-15,14,NA,NA,NA,ATTA_LIT_2016_12_15_ALPC2,"No litter collection, traps emptied for next collection"
ALPN3,ALP,N,2016-12-15,14,NA,NA,NA,ATTA_LIT_2016_12_15_ALPN3,"No litter collection, traps emptied for next collection"
ALPC3,ALP,C,2016-12-15,14,NA,NA,NA,ATTA_LIT_2016_12_15_ALPC3,"No litter collection, traps emptied for next collection"
REPN1,REP,N,2016-12-15,14,NA,NA,NA,ATTA_LIT_2016_12_15_REPN1,"No litter collection, traps emptied for next collection"
REPC1,REP,C,2016-12-15,14,NA,NA,NA,ATTA_LIT_2016_12_15_REPC1,"No litter collection, traps emptied for next collection"
REPN2,REP,N,2016-12-15,14,NA,NA,NA,ATTA_LIT_2016_12_15_REPN2,"No litter collection, traps emptied for next collection"
REPC2,REP,C,2016-12-15,14,NA,NA,NA,ATTA_LIT_2016_12_15_REPC2,"No litter collection, traps emptied for next collection"
REPN3,REP,N,2016-12-15,14,NA,NA,NA,ATTA_LIT_2016_12_15_REPN3,"No litter collection, traps emptied for next collection"
REPC3,REP,C,2016-12-15,14,NA,NA,NA,ATTA_LIT_2016_12_15_REPC3,"No litter collection, traps emptied for next collection"
RESN1,RES,N,2016-12-15,14,NA,NA,NA,ATTA_LIT_2016_12_15_RESN1,"No litter collection, traps emptied for next collection"
RESC1,RES,C,2016-12-15,14,NA,NA,NA,ATTA_LIT_2016_12_15_RESC1,"No litter collection, traps emptied for next collection"
RESN2,RES,N,2016-12-15,14,NA,NA,NA,ATTA_LIT_2016_12_15_RESN2,"No litter collection, traps emptied for next collection"
RESC2,RES,C,2016-12-15,14,NA,NA,NA,ATTA_LIT_2016_12_15_RESC2,"No litter collection, traps emptied for next collection"
RESN3,RES,N,2016-12-15,14,NA,NA,NA,ATTA_LIT_2016_12_15_RESN3,"No litter collection, traps emptied for next collection"
RESC3,RES,C,2016-12-15,14,NA,NA,NA,ATTA_LIT_2016_12_15_RESC3,"No litter collection, traps emptied for next collection"
ALPN1,ALP,N,2017-01-02,18,35.0,0.0,0.0,ATTA_LIT_2017_1_2_ALPN1,
ALPC1,ALP,C,2017-01-02,18,8.5,0.0,9.3,ATTA_LIT_2017_1_2_ALPC1,
ALPN2,ALP,N,2017-01-02,18,13.6,0.0,13.2,ATTA_LIT_2017_1_2_ALPN2,
ALPC2,ALP,C,2017-01-02,18,73.5,0.0,0.0,ATTA_LIT_2017_1_2_ALPC2,39.3g from bromeliad
ALPN3,ALP,N,2017-01-02,18,16.6,0.0,25.0,ATTA_LIT_2017_1_2_ALPN3,
ALPC3,ALP,C,2017-01-02,18,30.8,0.0,0.0,ATTA_LIT_2017_1_2_ALPC3,
REPN1,REP,N,2017-01-02,18,12.5,0.0,0.0,ATTA_LIT_2017_1_2_REPN1,
REPC1,REP,C,2017-01-02,18,14.0,0.0,0.0,ATTA_LIT_2017_1_2_REPC1,
REPN2,REP,N,2017-01-02,18,27.0,0.0,17.4,ATTA_LIT_2017_1_2_REPN2,
REPC2,REP,C,2017-01-02,18,24.9,0.0,0.0,ATTA_LIT_2017_1_2_REPC2,
REPN3,REP,N,2017-01-02,18,28.1,0.0,6.8,ATTA_LIT_2017_1_2_REPN3,
REPC3,REP,C,2017-01-02,18,41.8,0.0,0.0,ATTA_LIT_2017_1_2_REPC3,
RESN1,RES,N,2017-01-02,18,21.5,0.0,0.0,ATTA_LIT_2017_1_2_RESN1,
RESC1,RES,C,2017-01-02,18,23.9,0.0,0.0,ATTA_LIT_2017_1_2_RESC1,
RESN2,RES,N,2017-01-02,18,22.3,32.8,1.8,ATTA_LIT_2017_1_2_RESN2,
RESC2,RES,C,2017-01-02,18,37.0,0.0,0.0,ATTA_LIT_2017_1_2_RESC2,
RESN3,RES,N,2017-01-02,18,32.8,0.0,0.0,ATTA_LIT_2017_1_2_RESN3,
RESC3,RES,C,2017-01-02,18,14.1,0.0,0.0,ATTA_LIT_2017_1_2_RESC3,
ALPN1,ALP,N,2017-01-15,13,23.3,8.6,0.0,ATTA_LIT_2017_1_15_ALPN1,
ALPC1,ALP,C,2017-01-15,13,13.1,17.1,0.0,ATTA_LIT_2017_1_15_ALPC1,
ALPN2,ALP,N,2017-01-15,13,29.3,0.0,0.0,ATTA_LIT_2017_1_15_ALPN2,
ALPC2,ALP,C,2017-01-15,13,52.0,5.6,0.0,ATTA_LIT_2017_1_15_ALPC2,15.2g frm P. macroloba seedpod and Goethalsia seeds
ALPN3,ALP,N,2017-01-15,13,19.1,0.0,21.2,ATTA_LIT_2017_1_15_ALPN3,
ALPC3,ALP,C,2017-01-15,13,17.4,0.0,18.6,ATTA_LIT_2017_1_15_ALPC3,
REPN1,REP,N,2017-01-15,13,9.2,0.0,0.0,ATTA_LIT_2017_1_15_REPN1,
REPC1,REP,C,2017-01-15,13,33.2,0.0,0.0,ATTA_LIT_2017_1_15_REPC1,
REPN2,REP,N,2017-01-15,13,28.2,0.0,0.0,ATTA_LIT_2017_1_15_REPN2,
REPC2,REP,C,2017-01-15,13,12.4,0.0,0.0,ATTA_LIT_2017_1_15_REPC2,
REPN3,REP,N,2017-01-15,13,18.0,0.0,0.0,ATTA_LIT_2017_1_15_REPN3,
REPC3,REP,C,2017-01-15,13,30.6,0.0,0.0,ATTA_LIT_2017_1_15_REPC3,
RESN1,RES,N,2017-01-15,13,19.8,0.0,30.4,ATTA_LIT_2017_1_15_RESN1,
RESC1,RES,C,2017-01-15,13,33.8,0.0,0.0,ATTA_LIT_2017_1_15_RESC1,Goethalsia seeds
RESN2,RES,N,2017-01-15,13,27.7,0.0,0.0,ATTA_LIT_2017_1_15_RESN2,
RESC2,RES,C,2017-01-15,13,15.1,0.0,0.0,ATTA_LIT_2017_1_15_RESC2,
RESN3,RES,N,2017-01-15,13,19.1,0.0,0.0,ATTA_LIT_2017_1_15_RESN3,
RESC3,RES,C,2017-01-15,13,16.9,0.0,0.0,ATTA_LIT_2017_1_15_RESC3,
ALPN1,ALP,N,2017-02-01,17,27.2,0.0,0.0,ATTA_LIT_2017_2_1_ALPN1,
ALPC1,ALP,C,2017-02-01,17,15.7,0.0,0.0,ATTA_LIT_2017_2_1_ALPC1,
ALPN2,ALP,N,2017-02-01,17,71.9,0.0,0.0,ATTA_LIT_2017_2_1_ALPN2,Dussia leaf shedding
ALPC2,ALP,C,2017-02-01,17,40.2,0.0,0.0,ATTA_LIT_2017_2_1_ALPC2,
ALPN3,ALP,N,2017-02-01,17,24.7,0.0,0.0,ATTA_LIT_2017_2_1_ALPN3,
ALPC3,ALP,C,2017-02-01,17,25.3,0.0,0.0,ATTA_LIT_2017_2_1_ALPC3,
REPN1,REP,N,2017-02-01,17,30.9,0.0,0.0,ATTA_LIT_2017_2_1_REPN1,13.2 from single D.panamensis seed
REPC1,REP,C,2017-02-01,17,23.6,0.0,0.0,ATTA_LIT_2017_2_1_REPC1,
REPN2,REP,N,2017-02-01,17,33.6,0.0,0.0,ATTA_LIT_2017_2_1_REPN2,
REPC2,REP,C,2017-02-01,17,8.4,0.0,0.0,ATTA_LIT_2017_2_1_REPC2,
REPN3,REP,N,2017-02-01,17,20.9,0.0,0.0,ATTA_LIT_2017_2_1_REPN3,
REPC3,REP,C,2017-02-01,17,25.9,0.0,0.0,ATTA_LIT_2017_2_1_REPC3,
RESN1,RES,N,2017-02-01,17,28.1,2.1,0.0,ATTA_LIT_2017_2_1_RESN1,
RESC1,RES,C,2017-02-01,17,24.3,0.0,0.0,ATTA_LIT_2017_2_1_RESC1,
RESN2,RES,N,2017-02-01,17,22.9,0.0,0.0,ATTA_LIT_2017_2_1_RESN2,
RESC2,RES,C,2017-02-01,17,14.7,0.0,0.0,ATTA_LIT_2017_2_1_RESC2,
RESN3,RES,N,2017-02-01,17,20.8,0.0,0.0,ATTA_LIT_2017_2_1_RESN3,
RESC3,RES,C,2017-02-01,17,29.3,0.0,0.0,ATTA_LIT_2017_2_1_RESC3,
ALPN1,ALP,N,2017-02-15,14,22.3,0.0,0.0,ATTA_LIT_2017_2_15_ALPN1,
ALPC1,ALP,C,2017-02-15,14,17.2,0.0,0.0,ATTA_LIT_2017_2_15_ALPC1,
ALPN2,ALP,N,2017-02-15,14,56.8,0.0,0.0,ATTA_LIT_2017_2_15_ALPN2,Dussia leaf shedding
ALPC2,ALP,C,2017-02-15,14,23.4,0.0,0.0,ATTA_LIT_2017_2_15_ALPC2,
ALPN3,ALP,N,2017-02-15,14,28.6,0.0,89.9,ATTA_LIT_2017_2_15_ALPN3,
ALPC3,ALP,C,2017-02-15,14,14.9,0.0,0.0,ATTA_LIT_2017_2_15_ALPC3,
REPN1,REP,N,2017-02-15,14,18.6,0.1,0.0,ATTA_LIT_2017_2_15_REPN1,
REPC1,REP,C,2017-02-15,14,21.3,0.0,0.0,ATTA_LIT_2017_2_15_REPC1,
REPN2,REP,N,2017-02-15,14,29.8,0.0,0.0,ATTA_LIT_2017_2_15_REPN2,
REPC2,REP,C,2017-02-15,14,20.6,0.0,9.6,ATTA_LIT_2017_2_15_REPC2,
REPN3,REP,N,2017-02-15,14,28.2,0.0,0.0,ATTA_LIT_2017_2_15_REPN3,
REPC3,REP,C,2017-02-15,14,42.1,8.6,0.0,ATTA_LIT_2017_2_15_REPC3,
RESN1,RES,N,2017-02-15,14,34.1,2.3,0.0,ATTA_LIT_2017_2_15_RESN1,
RESC1,RES,C,2017-02-15,14,23.4,0.0,0.0,ATTA_LIT_2017_2_15_RESC1,
RESN2,RES,N,2017-02-15,14,31.2,0.0,38.3,ATTA_LIT_2017_2_15_RESN2,
RESC2,RES,C,2017-02-15,14,19.5,0.0,0.0,ATTA_LIT_2017_2_15_RESC2,
RESN3,RES,N,2017-02-15,14,27.9,0.0,0.0,ATTA_LIT_2017_2_15_RESN3,
RESC3,RES,C,2017-02-15,14,25.1,0.0,73.1,ATTA_LIT_2017_2_15_RESC3,
ALPN1,ALP,N,2017-03-01,14,72.1,0.0,0.0,ATTA_LIT_2017_3_1_ALPN1,
ALPC1,ALP,C,2017-03-01,14,30.7,0.0,0.0,ATTA_LIT_2017_3_1_ALPC1,
ALPN2,ALP,N,2017-03-01,14,31.9,0.0,0.0,ATTA_LIT_2017_3_1_ALPN2,
ALPC2,ALP,C,2017-03-01,14,32.8,0.0,0.0,ATTA_LIT_2017_3_1_ALPC2,
ALPN3,ALP,N,2017-03-01,14,25.7,0.0,0.0,ATTA_LIT_2017_3_1_ALPN3,
ALPC3,ALP,C,2017-03-01,14,9.0,0.0,109.4,ATTA_LIT_2017_3_1_ALPC3,
REPN1,REP,N,2017-03-01,14,19.8,0.0,0.0,ATTA_LIT_2017_3_1_REPN1,
REPC1,REP,C,2017-03-01,14,21.8,0.0,0.0,ATTA_LIT_2017_3_1_REPC1,
REPN2,REP,N,2017-03-01,14,36.7,0.0,0.0,ATTA_LIT_2017_3_1_REPN2,
REPC2,REP,C,2017-03-01,14,9.9,0.0,0.0,ATTA_LIT_2017_3_1_REPC2,
REPN3,REP,N,2017-03-01,14,26.2,0.0,0.0,ATTA_LIT_2017_3_1_REPN3,
REPC3,REP,C,2017-03-01,14,41.8,2.1,19.6,ATTA_LIT_2017_3_1_REPC3,
RESN1,RES,N,2017-03-01,14,28.2,0.0,0.0,ATTA_LIT_2017_3_1_RESN1,
RESC1,RES,C,2017-03-01,14,28.6,0.0,0.0,ATTA_LIT_2017_3_1_RESC1,
RESN2,RES,N,2017-03-01,14,59.9,0.0,0.0,ATTA_LIT_2017_3_1_RESN2,
RESC2,RES,C,2017-03-01,14,21.4,0.0,0.0,ATTA_LIT_2017_3_1_RESC2,
RESN3,RES,N,2017-03-01,14,32.7,0.0,0.0,ATTA_LIT_2017_3_1_RESN3,
RESC3,RES,C,2017-03-01,14,33.3,0.0,0.0,ATTA_LIT_2017_3_1_RESC3,
ALPN1,ALP,N,2017-03-15,14,48.3,0.0,0.0,ATTA_LIT_2017_3_15_ALPN1,
ALPC1,ALP,C,2017-03-15,14,19.9,15.1,0.0,ATTA_LIT_2017_3_15_ALPC1,
ALPN2,ALP,N,2017-03-15,14,22.4,0.0,0.0,ATTA_LIT_2017_3_15_ALPN2,
ALPC2,ALP,C,2017-03-15,14,20.4,0.0,22.4,ATTA_LIT_2017_3_15_ALPC2,
ALPN3,ALP,N,2017-03-15,14,51.8,0.0,15.1,ATTA_LIT_2017_3_15_ALPN3,
ALPC3,ALP,C,2017-03-15,14,11.1,0.0,0.0,ATTA_LIT_2017_3_15_ALPC3,
REPN1,REP,N,2017-03-15,14,15.7,6.6,0.0,ATTA_LIT_2017_3_15_REPN1,
REPC1,REP,C,2017-03-15,14,14.9,0.0,0.0,ATTA_LIT_2017_3_15_REPC1,
REPN2,REP,N,2017-03-15,14,52.5,0.0,0.0,ATTA_LIT_2017_3_15_REPN2,
REPC2,REP,C,2017-03-15,14,16.3,0.0,0.0,ATTA_LIT_2017_3_15_REPC2,
REPN3,REP,N,2017-03-15,14,35.0,0.0,0.0,ATTA_LIT_2017_3_15_REPN3,
REPC3,REP,C,2017-03-15,14,47.0,0.0,0.0,ATTA_LIT_2017_3_15_REPC3,
RESN1,RES,N,2017-03-15,14,25.2,0.0,0.0,ATTA_LIT_2017_3_15_RESN1,
RESC1,RES,C,2017-03-15,14,17.5,0.0,0.0,ATTA_LIT_2017_3_15_RESC1,
RESN2,RES,N,2017-03-15,14,30.2,0.0,25.0,ATTA_LIT_2017_3_15_RESN2,
RESC2,RES,C,2017-03-15,14,21.5,0.0,0.0,ATTA_LIT_2017_3_15_RESC2,
RESN3,RES,N,2017-03-15,14,22.6,0.0,0.0,ATTA_LIT_2017_3_15_RESN3,
RESC3,RES,C,2017-03-15,14,26.5,0.0,0.0,ATTA_LIT_2017_3_15_RESC3,
ALPN1,ALP,N,2017-04-01,17,31.1,0.0,0.0,ATTA_LIT_2017_4_1_ALPN1,
ALPC1,ALP,C,2017-04-01,17,10.2,0.0,0.0,ATTA_LIT_2017_4_1_ALPC1,
ALPN2,ALP,N,2017-04-01,17,16.2,0.0,0.0,ATTA_LIT_2017_4_1_ALPN2,
ALPC2,ALP,C,2017-04-01,17,26.7,0.0,0.0,ATTA_LIT_2017_4_1_ALPC2,
ALPN3,ALP,N,2017-04-01,17,37.3,0.0,9.7,ATTA_LIT_2017_4_1_ALPN3,
ALPC3,ALP,C,2017-04-01,17,13.7,0.0,0.0,ATTA_LIT_2017_4_1_ALPC3,
REPN1,REP,N,2017-04-01,17,9.9,0.0,3.3,ATTA_LIT_2017_4_1_REPN1,
REPC1,REP,C,2017-04-01,17,16.2,0.0,0.0,ATTA_LIT_2017_4_1_REPC1,
REPN2,REP,N,2017-04-01,17,49.4,3.8,0.0,ATTA_LIT_2017_4_1_REPN2,
REPC2,REP,C,2017-04-01,17,12.9,0.0,0.0,ATTA_LIT_2017_4_1_REPC2,
REPN3,REP,N,2017-04-01,17,26.2,0.0,0.0,ATTA_LIT_2017_4_1_REPN3,
REPC3,REP,C,2017-04-01,17,47.5,0.0,0.0,ATTA_LIT_2017_4_1_REPC3,
RESN1,RES,N,2017-04-01,17,31.5,0.0,0.0,ATTA_LIT_2017_4_1_RESN1,
RESC1,RES,C,2017-04-01,17,31.8,0.0,0.0,ATTA_LIT_2017_4_1_RESC1,
RESN2,RES,N,2017-04-01,17,25.9,0.0,613.4,ATTA_LIT_2017_4_1_RESN2,
RESC2,RES,C,2017-04-01,17,12.4,0.0,0.0,ATTA_LIT_2017_4_1_RESC2,
RESN3,RES,N,2017-04-01,17,19.9,0.0,0.0,ATTA_LIT_2017_4_1_RESN3,
RESC3,RES,C,2017-04-01,17,13.6,0.0,0.0,ATTA_LIT_2017_4_1_RESC3,
ALPN1,ALP,N,2017-04-15,14,22.4,0.0,0.0,ATTA_LIT_2017_4_15_ALPN1,
ALPC1,ALP,C,2017-04-15,14,11.2,0.0,0.0,ATTA_LIT_2017_4_15_ALPC1,
ALPN2,ALP,N,2017-04-15,14,13.6,0.0,0.0,ATTA_LIT_2017_4_15_ALPN2,6.9g from single Dusia seed
ALPC2,ALP,C,2017-04-15,14,19.2,22.4,0.0,ATTA_LIT_2017_4_15_ALPC2,CWD palm leaf in separate sample bag
ALPN3,ALP,N,2017-04-15,14,20.9,0.0,0.0,ATTA_LIT_2017_4_15_ALPN3,
ALPC3,ALP,C,2017-04-15,14,22.1,0.0,0.0,ATTA_LIT_2017_4_15_ALPC3,
REPN1,REP,N,2017-04-15,14,20.5,0.0,0.0,ATTA_LIT_2017_4_15_REPN1,
REPC1,REP,C,2017-04-15,14,17.7,0.0,13.7,ATTA_LIT_2017_4_15_REPC1,
REPN2,REP,N,2017-04-15,14,50.4,0.0,19.6,ATTA_LIT_2017_4_15_REPN2,
REPC2,REP,C,2017-04-15,14,15.5,0.0,0.0,ATTA_LIT_2017_4_15_REPC2,
REPN3,REP,N,2017-04-15,14,18.4,0.0,0.0,ATTA_LIT_2017_4_15_REPN3,
REPC3,REP,C,2017-04-15,14,55.7,0.0,0.0,ATTA_LIT_2017_4_15_REPC3,
RESN1,RES,N,2017-04-15,14,33.1,0.0,0.0,ATTA_LIT_2017_4_15_RESN1,
RESC1,RES,C,2017-04-15,14,16.6,0.0,0.0,ATTA_LIT_2017_4_15_RESC1,
RESN2,RES,N,2017-04-15,14,16.1,0.0,0.0,ATTA_LIT_2017_4_15_RESN2,
RESC2,RES,C,2017-04-15,14,30.8,0.0,0.0,ATTA_LIT_2017_4_15_RESC2,17.8g from P. macroloba pod
RESN3,RES,N,2017-04-15,14,17.9,0.0,0.0,ATTA_LIT_2017_4_15_RESN3,
RESC3,RES,C,2017-04-15,14,16.5,0.0,0.0,ATTA_LIT_2017_4_15_RESC3,
ALPN1,ALP,N,2017-05-01,16,19.5,0.0,0.0,ATTA_LIT_2017_5_1_ALPN1,
ALPC1,ALP,C,2017-05-01,16,6.3,0.0,0.0,ATTA_LIT_2017_5_1_ALPC1,
ALPN2,ALP,N,2017-05-01,16,43.3,0.6,0.0,ATTA_LIT_2017_5_1_ALPN2,
ALPC2,ALP,C,2017-05-01,16,24.9,0.0,0.0,ATTA_LIT_2017_5_1_ALPC2,
ALPN3,ALP,N,2017-05-01,16,31.7,0.0,0.0,ATTA_LIT_2017_5_1_ALPN3,
ALPC3,ALP,C,2017-05-01,16,12.4,0.0,0.0,ATTA_LIT_2017_5_1_ALPC3,
REPN1,REP,N,2017-05-01,16,25.8,0.0,0.0,ATTA_LIT_2017_5_1_REPN1,
REPC1,REP,C,2017-05-01,16,18.7,0.0,0.0,ATTA_LIT_2017_5_1_REPC1,
REPN2,REP,N,2017-05-01,16,38.8,9.2,0.0,ATTA_LIT_2017_5_1_REPN2,
REPC2,REP,C,2017-05-01,16,14.0,0.0,0.0,ATTA_LIT_2017_5_1_REPC2,
REPN3,REP,N,2017-05-01,16,26.6,0.0,0.0,ATTA_LIT_2017_5_1_REPN3,
REPC3,REP,C,2017-05-01,16,36.6,2.4,0.0,ATTA_LIT_2017_5_1_REPC3,
RESN1,RES,N,2017-05-01,16,33.9,0.0,1.9,ATTA_LIT_2017_5_1_RESN1,
RESC1,RES,C,2017-05-01,16,18.3,0.0,0.0,ATTA_LIT_2017_5_1_RESC1,
RESN2,RES,N,2017-05-01,16,22.2,0.0,0.0,ATTA_LIT_2017_5_1_RESN2,
RESC2,RES,C,2017-05-01,16,15.6,0.0,38.3,ATTA_LIT_2017_5_1_RESC2,
RESN3,RES,N,2017-05-01,16,39.6,0.0,0.0,ATTA_LIT_2017_5_1_RESN3,
RESC3,RES,C,2017-05-01,16,21.9,0.0,397.9,ATTA_LIT_2017_5_1_RESC3,
ALPN1,ALP,N,2017-05-16,15,24.2,0.0,0.0,ATTA_LIT_2017_5_16_ALPN1,
ALPC1,ALP,C,2017-05-16,15,8.4,0.0,0.0,ATTA_LIT_2017_5_16_ALPC1,
ALPN2,ALP,N,2017-05-16,15,36.8,1.2,0.0,ATTA_LIT_2017_5_16_ALPN2,
ALPC2,ALP,C,2017-05-16,15,23.3,0.0,0.0,ATTA_LIT_2017_5_16_ALPC2,
ALPN3,ALP,N,2017-05-16,15,30.7,0.0,0.0,ATTA_LIT_2017_5_16_ALPN3,
ALPC3,ALP,C,2017-05-16,15,10.0,0.0,0.0,ATTA_LIT_2017_5_16_ALPC3,
REPN1,REP,N,2017-05-16,15,25.4,0.0,0.0,ATTA_LIT_2017_5_16_REPN1,
REPC1,REP,C,2017-05-16,15,12.6,0.0,0.0,ATTA_LIT_2017_5_16_REPC1,
REPN2,REP,N,2017-05-16,15,37.3,0.0,0.0,ATTA_LIT_2017_5_16_REPN2,
REPC2,REP,C,2017-05-16,15,8.2,0.0,0.0,ATTA_LIT_2017_5_16_REPC2,
REPN3,REP,N,2017-05-16,15,19.8,7.7,0.0,ATTA_LIT_2017_5_16_REPN3,
REPC3,REP,C,2017-05-16,15,60.7,0.0,0.0,ATTA_LIT_2017_5_16_REPC3,
RESN1,RES,N,2017-05-16,15,56.4,1.4,0.0,ATTA_LIT_2017_5_16_RESN1,
RESC1,RES,C,2017-05-16,15,18.0,0.0,71.9,ATTA_LIT_2017_5_16_RESC1,
RESN2,RES,N,2017-05-16,15,16.4,0.0,49.7,ATTA_LIT_2017_5_16_RESN2,
RESC2,RES,C,2017-05-16,15,15.6,0.0,14.7,ATTA_LIT_2017_5_16_RESC2,
RESN3,RES,N,2017-05-16,15,21.1,9.8,0.0,ATTA_LIT_2017_5_16_RESN3,
RESC3,RES,C,2017-05-16,15,24.7,0.0,0.0,ATTA_LIT_2017_5_16_RESC3,
ALPN1,ALP,N,2017-06-01,16,23.6,0.0,0.0,ATTA_LIT_2017_6_1_ALPN1,
ALPC1,ALP,C,2017-06-01,16,9.8,0.0,9.7,ATTA_LIT_2017_6_1_ALPC1,
ALPN2,ALP,N,2017-06-01,16,31.4,1.8,7.3,ATTA_LIT_2017_6_1_ALPN2,
ALPC2,ALP,C,2017-06-01,16,22.2,0.0,26.2,ATTA_LIT_2017_6_1_ALPC2,
ALPN3,ALP,N,2017-06-01,16,39.6,0.0,0.0,ATTA_LIT_2017_6_1_ALPN3,
ALPC3,ALP,C,2017-06-01,16,11.1,0.0,0.0,ATTA_LIT_2017_6_1_ALPC3,
REPN1,REP,N,2017-06-01,16,23.8,0.0,0.0,ATTA_LIT_2017_6_1_REPN1,
REPC1,REP,C,2017-06-01,16,22.1,0.0,0.0,ATTA_LIT_2017_6_1_REPC1,
REPN2,REP,N,2017-06-01,16,38.9,0.0,23.3,ATTA_LIT_2017_6_1_REPN2,
REPC2,REP,C,2017-06-01,16,8.4,0.0,0.0,ATTA_LIT_2017_6_1_REPC2,
REPN3,REP,N,2017-06-01,16,20.6,0.0,6.6,ATTA_LIT_2017_6_1_REPN3,
REPC3,REP,C,2017-06-01,16,30.4,0.0,0.0,ATTA_LIT_2017_6_1_REPC3,
RESN1,RES,N,2017-06-01,16,25.4,0.0,0.0,ATTA_LIT_2017_6_1_RESN1,
RESC1,RES,C,2017-06-01,16,19.0,0.0,0.0,ATTA_LIT_2017_6_1_RESC1,
RESN2,RES,N,2017-06-01,16,21.3,0.0,0.0,ATTA_LIT_2017_6_1_RESN2,
RESC2,RES,C,2017-06-01,16,18.2,0.0,14.5,ATTA_LIT_2017_6_1_RESC2,
RESN3,RES,N,2017-06-01,16,26.6,0.0,0.0,ATTA_LIT_2017_6_1_RESN3,
RESC3,RES,C,2017-06-01,16,22.8,0.0,0.0,ATTA_LIT_2017_6_1_RESC3,
ALPN1,ALP,N,2017-06-20,19,22.1,0.0,0.0,ATTA_LIT_2017_6_20_ALPN1,
ALPC1,ALP,C,2017-06-20,19,19.9,0.0,34.7,ATTA_LIT_2017_6_20_ALPC1,
ALPN2,ALP,N,2017-06-20,19,30.2,5.4,0.0,ATTA_LIT_2017_6_20_ALPN2,
ALPC2,ALP,C,2017-06-20,19,60.5,7.0,0.0,ATTA_LIT_2017_6_20_ALPC2,
ALPN3,ALP,N,2017-06-20,19,31.3,0.0,0.0,ATTA_LIT_2017_6_20_ALPN3,
ALPC3,ALP,C,2017-06-20,19,22.6,1.3,4.9,ATTA_LIT_2017_6_20_ALPC3,
REPN1,REP,N,2017-06-20,19,62.2,0.0,0.0,ATTA_LIT_2017_6_20_REPN1,
REPC1,REP,C,2017-06-20,19,39.0,0.0,0.0,ATTA_LIT_2017_6_20_REPC1,
REPN2,REP,N,2017-06-20,19,63.8,0.0,0.0,ATTA_LIT_2017_6_20_REPN2,
REPC2,REP,C,2017-06-20,19,20.6,0.0,0.0,ATTA_LIT_2017_6_20_REPC2,
REPN3,REP,N,2017-06-20,19,27.6,0.0,0.0,ATTA_LIT_2017_6_20_REPN3,
REPC3,REP,C,2017-06-20,19,36.8,15.0,0.0,ATTA_LIT_2017_6_20_REPC3,
RESN1,RES,N,2017-06-20,19,31.9,4.4,3.7,ATTA_LIT_2017_6_20_RESN1,
RESC1,RES,C,2017-06-20,19,32.8,0.0,1.2,ATTA_LIT_2017_6_20_RESC1,
RESN2,RES,N,2017-06-20,19,26.9,0.0,11.6,ATTA_LIT_2017_6_20_RESN2,
RESC2,RES,C,2017-06-20,19,35.5,0.0,0.0,ATTA_LIT_2017_6_20_RESC2,
RESN3,RES,N,2017-06-20,19,44.1,0.0,8.1,ATTA_LIT_2017_6_20_RESN3,
RESC3,RES,C,2017-06-20,19,25.8,0.0,0.0,ATTA_LIT_2017_6_20_RESC3,
ALPN1,ALP,N,2017-07-02,12,18.0,0.0,0.0,ATTA_LIT_2017_7_2_ALPN1,
ALPC1,ALP,C,2017-07-02,12,7.3,0.0,0.0,ATTA_LIT_2017_7_2_ALPC1,
ALPN2,ALP,N,2017-07-02,12,43.1,0.0,0.0,ATTA_LIT_2017_7_2_ALPN2,
ALPC2,ALP,C,2017-07-02,12,16.2,35.2,0.0,ATTA_LIT_2017_7_2_ALPC2,
ALPN3,ALP,N,2017-07-02,12,22.9,0.0,0.0,ATTA_LIT_2017_7_2_ALPN3,
ALPC3,ALP,C,2017-07-02,12,7.9,0.0,4.1,ATTA_LIT_2017_7_2_ALPC3,
REPN1,REP,N,2017-07-02,12,15.5,0.0,0.0,ATTA_LIT_2017_7_2_REPN1,
REPC1,REP,C,2017-07-02,12,17.4,0.0,0.0,ATTA_LIT_2017_7_2_REPC1,
REPN2,REP,N,2017-07-02,12,31.0,0.0,0.0,ATTA_LIT_2017_7_2_REPN2,
REPC2,REP,C,2017-07-02,12,15.5,0.0,0.0,ATTA_LIT_2017_7_2_REPC2,
REPN3,REP,N,2017-07-02,12,11.1,0.0,0.0,ATTA_LIT_2017_7_2_REPN3,
REPC3,REP,C,2017-07-02,12,20.4,0.0,0.0,ATTA_LIT_2017_7_2_REPC3,
RESN1,RES,N,2017-07-02,12,13.5,0.0,0.0,ATTA_LIT_2017_7_2_RESN1,
RESC1,RES,C,2017-07-02,12,12.1,0.0,8.1,ATTA_LIT_2017_7_2_RESC1,
RESN2,RES,N,2017-07-02,12,14.4,0.0,10.7,ATTA_LIT_2017_7_2_RESN2,
RESC2,RES,C,2017-07-02,12,15.5,0.0,0.0,ATTA_LIT_2017_7_2_RESC2,
RESN3,RES,N,2017-07-02,12,24.7,0.0,1.5,ATTA_LIT_2017_7_2_RESN3,
RESC3,RES,C,2017-07-02,12,10.7,0.0,31.1,ATTA_LIT_2017_7_2_RESC3,
ALPN1,ALP,N,2017-07-15,13,11.7,0.0,24.8,ATTA_LIT_2017_7_15_ALPN1,
ALPC1,ALP,C,2017-07-15,13,10.5,0.0,11.0,ATTA_LIT_2017_7_15_ALPC1,
ALPN2,ALP,N,2017-07-15,13,22.7,0.0,4.0,ATTA_LIT_2017_7_15_ALPN2,
ALPC2,ALP,C,2017-07-15,13,14.8,0.0,0.0,ATTA_LIT_2017_7_15_ALPC2,
ALPN3,ALP,N,2017-07-15,13,17.5,0.0,373.7,ATTA_LIT_2017_7_15_ALPN3,
ALPC3,ALP,C,2017-07-15,13,6.7,0.0,0.0,ATTA_LIT_2017_7_15_ALPC3,
REPN1,REP,N,2017-07-15,13,12.2,0.0,13.9,ATTA_LIT_2017_7_15_REPN1,
REPC1,REP,C,2017-07-15,13,20.1,0.0,0.0,ATTA_LIT_2017_7_15_REPC1,
REPN2,REP,N,2017-07-15,13,31.9,0.0,0.0,ATTA_LIT_2017_7_15_REPN2,
REPC2,REP,C,2017-07-15,13,4.5,0.0,0.0,ATTA_LIT_2017_7_15_REPC2,
REPN3,REP,N,2017-07-15,13,14.4,0.0,0.0,ATTA_LIT_2017_7_15_REPN3,
REPC3,REP,C,2017-07-15,13,18.9,0.0,0.0,ATTA_LIT_2017_7_15_REPC3,
RESN1,RES,N,2017-07-15,13,19.4,0.0,1.8,ATTA_LIT_2017_7_15_RESN1,
RESC1,RES,C,2017-07-15,13,11.8,0.0,45.1,ATTA_LIT_2017_7_15_RESC1,
RESN2,RES,N,2017-07-15,13,38.7,0.0,26.5,ATTA_LIT_2017_7_15_RESN2,
RESC2,RES,C,2017-07-15,13,17.7,0.0,0.0,ATTA_LIT_2017_7_15_RESC2,
RESN3,RES,N,2017-07-15,13,24.4,0.0,0.0,ATTA_LIT_2017_7_15_RESN3,
RESC3,RES,C,2017-07-15,13,10.0,0.0,0.0,ATTA_LIT_2017_7_15_RESC3,
ALPN1,ALP,N,2017-08-01,17,10.4,0.0,0.0,ATTA_LIT_2017_8_1_ALPN1,
ALPC1,ALP,C,2017-08-01,17,15.2,0.0,0.0,ATTA_LIT_2017_8_1_ALPC1,
ALPN2,ALP,N,2017-08-01,17,24.5,0.0,0.0,ATTA_LIT_2017_8_1_ALPN2,
ALPC2,ALP,C,2017-08-01,17,15.2,0.0,0.0,ATTA_LIT_2017_8_1_ALPC2,
ALPN3,ALP,N,2017-08-01,17,17.7,0.0,0.0,ATTA_LIT_2017_8_1_ALPN3,
ALPC3,ALP,C,2017-08-01,17,10.6,0.0,0.0,ATTA_LIT_2017_8_1_ALPC3,
REPN1,REP,N,2017-08-01,17,19.3,0.0,0.0,ATTA_LIT_2017_8_1_REPN1,
REPC1,REP,C,2017-08-01,17,28.8,0.0,47.1,ATTA_LIT_2017_8_1_REPC1,
REPN2,REP,N,2017-08-01,17,32.0,0.0,8.3,ATTA_LIT_2017_8_1_REPN2,
REPC2,REP,C,2017-08-01,17,10.8,0.0,0.0,ATTA_LIT_2017_8_1_REPC2,
REPN3,REP,N,2017-08-01,17,34.7,0.0,0.0,ATTA_LIT_2017_8_1_REPN3,
REPC3,REP,C,2017-08-01,17,30.3,0.0,0.0,ATTA_LIT_2017_8_1_REPC3,
RESN1,RES,N,2017-08-01,17,20.4,0.0,0.0,ATTA_LIT_2017_8_1_RESN1,
RESC1,RES,C,2017-08-01,17,15.7,6.2,0.0,ATTA_LIT_2017_8_1_RESC1,
RESN2,RES,N,2017-08-01,17,23.1,0.0,0.0,ATTA_LIT_2017_8_1_RESN2,
RESC2,RES,C,2017-08-01,17,14.7,0.0,0.0,ATTA_LIT_2017_8_1_RESC2,
RESN3,RES,N,2017-08-01,17,40.8,0.0,0.0,ATTA_LIT_2017_8_1_RESN3,
RESC3,RES,C,2017-08-01,17,31.2,0.0,0.0,ATTA_LIT_2017_8_1_RESC3,
ALPN1,ALP,N,2017-08-15,14,13.3,0.0,0.0,ATTA_LIT_2017_8_15_ALPN1,
ALPC1,ALP,C,2017-08-15,14,13.6,0.0,0.0,ATTA_LIT_2017_8_15_ALPC1,
ALPN2,ALP,N,2017-08-15,14,20.0,1.2,0.0,ATTA_LIT_2017_8_15_ALPN2,
ALPC2,ALP,C,2017-08-15,14,33.6,0.0,0.0,ATTA_LIT_2017_8_15_ALPC2,
ALPN3,ALP,N,2017-08-15,14,10.8,0.0,0.0,ATTA_LIT_2017_8_15_ALPN3,
ALPC3,ALP,C,2017-08-15,14,9.3,14.8,0.0,ATTA_LIT_2017_8_15_ALPC3,CWD leaf in separate sample bag
REPN1,REP,N,2017-08-15,14,12.5,0.0,0.0,ATTA_LIT_2017_8_15_REPN1,
REPC1,REP,C,2017-08-15,14,22.1,0.0,6.6,ATTA_LIT_2017_8_15_REPC1,
REPN2,REP,N,2017-08-15,14,22.5,0.0,16.4,ATTA_LIT_2017_8_15_REPN2,
REPC2,REP,C,2017-08-15,14,6.2,0.0,0.0,ATTA_LIT_2017_8_15_REPC2,
REPN3,REP,N,2017-08-15,14,13.6,0.0,0.0,ATTA_LIT_2017_8_15_REPN3,
REPC3,REP,C,2017-08-15,14,32.5,0.0,0.0,ATTA_LIT_2017_8_15_REPC3,
RESN1,RES,N,2017-08-15,14,18.8,0.0,0.0,ATTA_LIT_2017_8_15_RESN1,
RESC1,RES,C,2017-08-15,14,19.8,0.0,0.0,ATTA_LIT_2017_8_15_RESC1,
RESN2,RES,N,2017-08-15,14,24.5,0.0,0.0,ATTA_LIT_2017_8_15_RESN2,
RESC2,RES,C,2017-08-15,14,8.1,0.0,0.0,ATTA_LIT_2017_8_15_RESC2,
RESN3,RES,N,2017-08-15,14,26.1,0.0,0.0,ATTA_LIT_2017_8_15_RESN3,
RESC3,RES,C,2017-08-15,14,12.0,0.0,0.0,ATTA_LIT_2017_8_15_RESC3,
ALPN1,ALP,N,2017-09-02,18,25.2,0.0,0.0,ATTA_LIT_2017_9_2_ALPN1,
ALPC1,ALP,C,2017-09-02,18,12.9,0.0,6.4,ATTA_LIT_2017_9_2_ALPC1,
ALPN2,ALP,N,2017-09-02,18,11.8,14.6,0.0,ATTA_LIT_2017_9_2_ALPN2,CWD leaf stored as extra sample
ALPC2,ALP,C,2017-09-02,18,27.9,0.0,0.0,ATTA_LIT_2017_9_2_ALPC2,
ALPN3,ALP,N,2017-09-02,18,14.4,0.0,18.2,ATTA_LIT_2017_9_2_ALPN3,
ALPC3,ALP,C,2017-09-02,18,17.1,0.0,22.3,ATTA_LIT_2017_9_2_ALPC3,
REPN1,REP,N,2017-09-02,18,29.2,0.0,0.0,ATTA_LIT_2017_9_2_REPN1,
REPC1,REP,C,2017-09-02,18,39.2,0.0,0.0,ATTA_LIT_2017_9_2_REPC1,
REPN2,REP,N,2017-09-02,18,43.1,0.0,64.1,ATTA_LIT_2017_9_2_REPN2,
REPC2,REP,C,2017-09-02,18,14.7,0.0,0.0,ATTA_LIT_2017_9_2_REPC2,
REPN3,REP,N,2017-09-02,18,26.8,0.0,0.0,ATTA_LIT_2017_9_2_REPN3,
REPC3,REP,C,2017-09-02,18,34.3,2.3,0.0,ATTA_LIT_2017_9_2_REPC3,
RESN1,RES,N,2017-09-02,18,28.5,1.2,0.0,ATTA_LIT_2017_9_2_RESN1,
RESC1,RES,C,2017-09-02,18,48.8,0.0,0.0,ATTA_LIT_2017_9_2_RESC1,
RESN2,RES,N,2017-09-02,18,34.5,0.0,0.0,ATTA_LIT_2017_9_2_RESN2,
RESC2,RES,C,2017-09-02,18,15.4,0.0,5.5,ATTA_LIT_2017_9_2_RESC2,
RESN3,RES,N,2017-09-02,18,39.8,0.0,0.0,ATTA_LIT_2017_9_2_RESN3,
RESC3,RES,C,2017-09-02,18,28.8,0.0,0.0,ATTA_LIT_2017_9_2_RESC3,
